2023.09.20-21.36.08,0.0,-249.839996,92.549995,0.707107,0.0,0.0,0.707107
2023.09.20-21.36.08,0.0,-249.839996,92.549995,0.707075,-0.006673,0.006673,0.707075
2023.09.20-21.36.08,0.0,-249.839996,92.549995,0.707033,-0.010187,0.010187,0.707033
2023.09.20-21.36.08,0.0,-249.839996,92.549995,0.706866,-0.018465,0.018465,0.706866
2023.09.20-21.36.08,0.0,-249.839996,92.549995,0.70659,-0.027033,0.027033,0.70659
2023.09.20-21.36.08,0.0,-249.839996,92.549995,0.706286,-0.034054,0.034054,0.706286
2023.09.20-21.36.08,0.0,-249.839996,92.549995,0.705841,-0.042291,0.042291,0.705841
2023.09.20-21.36.08,0.0,-249.839996,92.549995,0.705728,-0.044131,0.044131,0.705728
2023.09.20-21.36.08,0.0,-249.839996,92.549995,0.705133,-0.052803,0.052803,0.705132
2023.09.20-21.36.09,0.0,-249.839996,92.549995,0.704402,-0.061785,0.061785,0.704402
2023.09.20-21.36.09,0.0,-249.839996,92.549995,0.70317,-0.074512,0.074512,0.70317
2023.09.20-21.36.09,0.0,-249.839996,92.549995,0.701734,-0.086999,0.086999,0.701734
2023.09.20-21.36.09,0.0,-249.839996,92.549995,0.699836,-0.101139,0.101139,0.699836
2023.09.20-21.36.09,0.0,-249.839996,92.549995,0.697257,-0.117611,0.117611,0.697257
2023.09.20-21.36.09,0.0,-249.839996,92.549995,0.694089,-0.135056,0.135056,0.694089
2023.09.20-21.36.09,0.0,-249.839996,92.549995,0.690477,-0.152451,0.152451,0.690477
2023.09.20-21.36.09,0.0,-249.839996,92.549995,0.686132,-0.170946,0.170946,0.686132
2023.09.20-21.36.09,0.0,-249.839996,92.549995,0.681636,-0.188077,0.188077,0.681636
2023.09.20-21.36.09,0.0,-249.839996,92.549995,0.676673,-0.205217,0.205217,0.676673
2023.09.20-21.36.09,0.0,-249.839996,92.549995,0.666845,-0.235198,0.235198,0.666845
2023.09.20-21.36.09,0.0,-249.839996,92.549995,0.659452,-0.255191,0.255191,0.659452
2023.09.20-21.36.09,0.0,-249.839996,92.549995,0.651989,-0.273697,0.273697,0.651989
2023.09.20-21.36.09,0.0,-249.839996,92.549995,0.642588,-0.295094,0.295094,0.642588
2023.09.20-21.36.09,0.0,-249.839996,92.549995,0.630062,-0.32097,0.32097,0.630062
2023.09.20-21.36.09,0.0,-249.839996,92.549995,0.611006,-0.35591,0.35591,0.611006
2023.09.20-21.36.09,0.0,-249.839996,92.549995,0.588941,-0.391342,0.391342,0.588941
2023.09.20-21.36.09,0.0,-249.839996,92.549995,0.553266,-0.440337,0.440337,0.553266
2023.09.20-21.36.09,0.0,-249.839996,92.549995,0.503217,-0.496762,0.496762,0.503217
2023.09.20-21.36.09,0.0,-249.839996,92.549995,0.458464,-0.538341,0.538341,0.458464
2023.09.20-21.36.09,0.0,-249.839996,92.549995,0.417708,-0.570543,0.570543,0.417708
2023.09.20-21.36.09,0.0,-249.839996,92.549995,0.365257,-0.605465,0.605465,0.365257
2023.09.20-21.36.09,0.0,-249.839996,92.549995,0.30402,-0.638414,0.638414,0.30402
2023.09.20-21.36.09,0.0,-249.839996,92.549995,0.229473,-0.668836,0.668836,0.229473
2023.09.20-21.36.09,0.0,-249.839996,92.549995,0.229473,-0.668836,0.668836,0.229473
2023.09.20-21.36.09,0.0,-249.839996,92.549995,0.23417,-0.667206,0.667207,0.234169
2023.09.20-21.36.09,0.0,-249.839996,92.549995,0.185917,-0.682228,0.682228,0.185917
2023.09.20-21.36.09,0.0,-249.839996,92.549995,0.185917,-0.682228,0.682228,0.185917
2023.09.20-21.36.09,0.0,-249.839996,92.549995,0.230023,-0.668647,0.668647,0.230023
2023.09.20-21.36.09,0.0,-249.839996,92.549995,0.224091,-0.670659,0.670658,0.224091
2023.09.20-21.36.09,0.0,-249.839996,92.549995,0.230884,-0.66835,0.668351,0.230884
2023.09.20-21.36.09,0.0,-249.839996,92.549995,0.24326,-0.663946,0.663946,0.24326
2023.09.20-21.36.09,0.0,-249.839996,92.549995,0.281454,-0.648678,0.648678,0.281454
2023.09.20-21.36.09,0.0,-249.839996,92.549995,0.286461,-0.646483,0.646483,0.286461
2023.09.20-21.36.09,0.0,-249.839996,92.549995,0.305878,-0.637525,0.637525,0.305878
2023.09.20-21.36.09,0.0,-249.839996,92.549995,0.321246,-0.629921,0.629921,0.321245
2023.09.20-21.36.09,0.0,-249.839996,92.549995,0.331942,-0.624351,0.624351,0.331942
2023.09.20-21.36.09,0.0,-249.839996,92.549995,0.3405,-0.619725,0.619725,0.3405
2023.09.20-21.36.09,0.0,-249.839996,92.549995,0.344754,-0.617369,0.617369,0.344754
2023.09.20-21.36.09,0.0,-249.839996,92.549995,0.353523,-0.61239,0.61239,0.353523
2023.09.20-21.36.09,0.0,-249.839996,92.549995,0.355131,-0.611459,0.611459,0.355131
2023.09.20-21.36.09,0.0,-249.839996,92.549995,0.354958,-0.611559,0.611559,0.354958
2023.09.20-21.36.09,0.0,-249.839996,92.549995,0.353485,-0.612412,0.612412,0.353485
2023.09.20-21.36.09,0.0,-249.839996,92.549995,0.34468,-0.617411,0.617411,0.34468
2023.09.20-21.36.09,0.0,-249.839996,92.549995,0.339855,-0.620079,0.620079,0.339855
2023.09.20-21.36.09,0.0,-249.839996,92.549995,0.340243,-0.619866,0.619866,0.340243
2023.09.20-21.36.09,0.0,-249.839996,92.549995,0.35305,-0.612663,0.612663,0.353049
2023.09.20-21.36.09,0.0,-249.839996,92.549995,0.359288,-0.609025,0.609025,0.359288
2023.09.20-21.36.09,0.0,-249.839996,92.549995,0.369797,-0.602702,0.602702,0.369797
2023.09.20-21.36.09,0.0,-249.839996,92.549995,0.384777,-0.593251,0.59325,0.384778
2023.09.20-21.36.09,0.0,-249.839996,92.549995,0.401063,-0.582365,0.582365,0.401062
2023.09.20-21.36.09,0.0,-249.839996,92.549995,0.423529,-0.566236,0.566236,0.423529
2023.09.20-21.36.09,0.0,-249.839996,92.549995,0.440811,-0.552888,0.552888,0.440811
2023.09.20-21.36.09,0.0,-249.839996,92.549995,0.459408,-0.537535,0.537535,0.459408
2023.09.20-21.36.09,0.0,-249.839996,92.549995,0.480752,-0.518534,0.518534,0.480752
2023.09.20-21.36.09,0.0,-249.839996,92.549995,-0.496905,0.503076,-0.503077,-0.496904
2023.09.20-21.36.09,0.0,-249.839996,92.549995,0.512278,-0.487412,0.487412,0.512279
2023.09.20-21.36.09,0.0,-249.839996,92.549995,0.51596,-0.483513,0.483513,0.515961
2023.09.20-21.36.09,0.0,-249.839996,92.549995,0.533367,-0.46424,0.46424,0.533367
2023.09.20-21.36.09,0.0,-249.839996,92.549995,0.546647,-0.448528,0.448528,0.546647
2023.09.20-21.36.09,0.0,-249.839996,92.549995,0.559839,-0.43195,0.43195,0.559839
2023.09.20-21.36.09,0.0,-249.839996,92.549995,0.570292,-0.418052,0.418052,0.570292
2023.09.20-21.36.09,0.0,-249.839996,92.549995,0.57879,-0.406204,0.406204,0.57879
2023.09.20-21.36.09,0.0,-249.839996,92.549995,0.587922,-0.392872,0.392872,0.587922
2023.09.20-21.36.10,0.0,-249.839996,92.549995,0.595646,-0.381059,0.381059,0.595646
2023.09.20-21.36.10,0.0,-249.839996,92.549995,0.600832,-0.372828,0.372828,0.600832
2023.09.20-21.36.10,0.0,-249.839996,92.549995,0.608849,-0.359586,0.359586,0.608849
2023.09.20-21.36.10,0.0,-249.839996,92.549995,0.606305,-0.36386,0.36386,0.606305
2023.09.20-21.36.10,0.0,-249.839996,92.549995,0.605198,-0.365699,0.365699,0.605198
2023.09.20-21.36.10,0.0,-249.839996,92.549995,0.604176,-0.367384,0.367384,0.604176
2023.09.20-21.36.10,0.0,-249.839996,92.549995,0.601954,-0.371015,0.371015,0.601953
2023.09.20-21.36.10,0.0,-249.839996,92.549995,0.603568,-0.368383,0.368383,0.603568
2023.09.20-21.36.10,0.0,-249.839996,92.549995,0.604465,-0.366909,0.366909,0.604465
2023.09.20-21.36.10,0.0,-249.839996,92.549995,0.603873,-0.367883,0.367883,0.603873
2023.09.20-21.36.10,0.0,-249.839996,92.549995,0.603523,-0.368457,0.368457,0.603523
2023.09.20-21.36.10,0.0,-249.839996,92.549995,0.603752,-0.368081,0.368081,0.603752
2023.09.20-21.36.10,0.0,-249.839996,92.549995,0.603402,-0.368654,0.368654,0.603402
2023.09.20-21.36.10,0.0,-249.839996,92.549995,0.603936,-0.367779,0.367779,0.603936
2023.09.20-21.36.10,0.0,-249.839996,92.549995,0.607273,-0.362241,0.362242,0.607273
2023.09.20-21.36.10,0.0,-249.839996,92.549995,0.609226,-0.358948,0.358948,0.609226
2023.09.20-21.36.10,0.0,-249.839996,92.549995,0.614316,-0.350165,0.350165,0.614316
2023.09.20-21.36.10,0.0,-249.839996,92.549995,0.622759,-0.33492,0.33492,0.622759
2023.09.20-21.36.10,0.0,-249.839996,92.549995,0.634141,-0.312834,0.312834,0.634141
2023.09.20-21.36.10,0.0,-249.839996,92.549995,0.652747,-0.271886,0.271886,0.652746
2023.09.20-21.36.10,0.0,-249.839996,92.549995,0.662199,-0.247976,0.247976,0.662199
2023.09.20-21.36.10,0.0,-249.839996,92.549995,0.674053,-0.213666,0.213666,0.674053
2023.09.20-21.36.10,0.0,-249.839996,92.549995,0.683999,-0.179292,0.179293,0.683999
2023.09.20-21.36.10,0.0,-249.839996,92.549995,0.693343,-0.138835,0.138835,0.693343
2023.09.20-21.36.10,0.0,-249.839996,92.549995,0.701191,-0.091272,0.091272,0.701191
2023.09.20-21.36.10,0.0,-249.839996,92.549995,0.705142,-0.052677,0.052677,0.705142
2023.09.20-21.36.10,0.0,-249.839996,92.549995,0.707106,-0.000912,0.000912,0.707106
2023.09.20-21.36.10,0.0,-249.839996,92.549995,0.705826,0.042536,-0.042536,0.705826
2023.09.20-21.36.10,0.0,-249.839996,92.549995,0.701895,0.08569,-0.08569,0.701895
2023.09.20-21.36.10,0.0,-249.839996,92.549995,0.696392,0.122631,-0.122631,0.696392
2023.09.20-21.36.10,0.0,-249.839996,92.549995,0.69051,0.152304,-0.152304,0.690509
2023.09.20-21.36.10,0.0,-249.839996,92.549995,0.68191,0.18708,-0.18708,0.68191
2023.09.20-21.36.10,0.0,-249.839996,92.549995,0.674387,0.212607,-0.212607,0.674387
2023.09.20-21.36.10,0.0,-249.839996,92.549995,0.668415,0.230698,-0.230698,0.668415
2023.09.20-21.36.10,0.0,-249.839996,92.549995,0.661739,0.249201,-0.249201,0.661739
2023.09.20-21.36.10,0.0,-249.839996,92.549995,0.656854,0.261808,-0.261808,0.656854
2023.09.20-21.36.10,0.0,-249.839996,92.549995,0.653007,0.271259,-0.271259,0.653007
2023.09.20-21.36.10,0.0,-249.839996,92.549995,0.652546,0.272366,-0.272366,0.652546
2023.09.20-21.36.10,0.0,-249.839996,92.549995,0.647565,0.284006,-0.284006,0.647565
2023.09.20-21.36.10,0.0,-249.839996,92.549995,0.647074,0.285123,-0.285123,0.647074
2023.09.20-21.36.10,0.0,-249.839996,92.549995,0.648021,0.282965,-0.282965,0.64802
2023.09.20-21.36.10,0.0,-249.839996,92.549995,0.65204,0.273576,-0.273576,0.65204
2023.09.20-21.36.10,0.0,-249.839996,92.549995,0.656605,0.26243,-0.26243,0.656605
2023.09.20-21.36.10,0.0,-249.839996,92.549995,0.663176,0.245351,-0.245351,0.663176
2023.09.20-21.36.10,0.0,-249.839996,92.549995,0.665141,0.239973,-0.239973,0.665141
2023.09.20-21.36.10,0.0,-249.839996,92.549995,0.669871,0.226435,-0.226435,0.669871
2023.09.20-21.36.10,0.0,-249.839996,92.549995,0.677029,0.204039,-0.204039,0.677029
2023.09.20-21.36.10,0.0,-249.839996,92.549995,0.679778,0.194682,-0.194682,0.679778
2023.09.20-21.36.10,0.0,-249.839996,92.549995,0.683263,0.182075,-0.182075,0.683263
2023.09.20-21.36.10,0.0,-249.839996,92.549995,0.686823,0.168148,-0.168148,0.686823
2023.09.20-21.36.10,0.0,-249.839996,92.549995,0.691333,0.148523,-0.148523,0.691333
2023.09.20-21.36.10,0.0,-249.839996,92.549995,0.698379,0.110752,-0.110752,0.698379
2023.09.20-21.36.10,0.0,-249.839996,92.549995,0.699652,0.10241,-0.10241,0.699651
2023.09.20-21.36.10,0.0,-249.839996,92.549995,0.701887,0.085756,-0.085756,0.701887
2023.09.20-21.36.10,0.0,-249.839996,92.549995,0.703869,0.067585,-0.067585,0.703869
2023.09.20-21.36.10,0.0,-249.839996,92.549995,0.705306,0.050438,-0.050438,0.705306
2023.09.20-21.36.10,0.0,-249.839996,92.549995,0.706044,0.038744,-0.038744,0.706044
2023.09.20-21.36.10,0.0,-249.839996,92.549995,0.706376,0.032143,-0.032143,0.706376
2023.09.20-21.36.10,0.0,-249.839996,92.549995,0.706562,0.027739,-0.027739,0.706562
2023.09.20-21.36.10,0.0,-249.839996,92.549995,0.706793,0.02107,-0.02107,0.706793
2023.09.20-21.36.10,0.0,-249.839996,92.549995,0.706958,0.01449,-0.01449,0.706958
2023.09.20-21.36.10,0.0,-249.839996,92.549995,0.70705,0.008942,-0.008942,0.70705
2023.09.20-21.36.10,0.0,-249.839996,92.549995,0.707105,-0.001515,0.001515,0.707105
2023.09.20-21.36.11,0.0,-249.839996,92.549995,0.707008,-0.011829,0.011829,0.707008
2023.09.20-21.36.11,0.0,-249.839996,92.549995,0.706726,-0.023193,0.023193,0.706726
2023.09.20-21.36.11,0.0,-249.839996,92.549995,0.706598,-0.026824,0.026824,0.706598
2023.09.20-21.36.11,0.0,-249.839996,92.549995,0.706152,-0.036735,0.036735,0.706152
2023.09.20-21.36.11,0.0,-249.839996,92.549995,0.705221,-0.051611,0.051611,0.705221
2023.09.20-21.36.11,0.0,-249.839996,92.549995,0.704321,-0.062705,0.062705,0.704321
2023.09.20-21.36.11,0.0,-249.839996,92.549995,0.702466,-0.080877,0.080877,0.702466
2023.09.20-21.36.11,0.0,-249.839996,92.549995,0.701438,-0.08936,0.08936,0.701438
2023.09.20-21.36.11,0.0,-249.839996,92.549995,0.699689,-0.102153,0.102153,0.699689
2023.09.20-21.36.11,0.0,-249.839996,92.549995,0.697475,-0.116315,0.116315,0.697474
2023.09.20-21.36.11,0.0,-249.839996,92.549995,0.692641,-0.142295,0.142295,0.692641
2023.09.20-21.36.11,0.0,-249.839996,92.549995,0.687861,-0.16385,0.16385,0.687861
2023.09.20-21.36.11,0.0,-249.839996,92.549995,0.685629,-0.172954,0.172954,0.685629
2023.09.20-21.36.11,0.0,-249.839996,92.549995,0.682535,-0.184787,0.184787,0.682535
2023.09.20-21.36.11,0.0,-249.839996,92.549995,0.679846,-0.194447,0.194447,0.679846
2023.09.20-21.36.11,0.0,-249.839996,92.549995,0.676645,-0.205308,0.205308,0.676645
2023.09.20-21.36.11,0.0,-249.839996,92.549995,0.67544,-0.209238,0.209238,0.67544
2023.09.20-21.36.11,0.0,-249.839996,92.549995,0.675023,-0.21058,0.21058,0.675023
2023.09.20-21.36.11,0.0,-249.839996,92.549995,0.671157,-0.222594,0.222594,0.671157
2023.09.20-21.36.11,0.0,-249.839996,92.549995,0.669683,-0.226992,0.226992,0.669683
2023.09.20-21.36.11,0.0,-249.839996,92.549995,0.664692,-0.241216,0.241216,0.664692
2023.09.20-21.36.11,0.0,-249.839996,92.549995,0.660687,-0.251978,0.251978,0.660687
2023.09.20-21.36.11,0.0,-249.839996,92.549995,0.653867,-0.269179,0.269179,0.653867
2023.09.20-21.36.11,0.0,-249.839996,92.549995,0.644488,-0.290921,0.290921,0.644488
2023.09.20-21.36.11,0.0,-249.839996,92.549995,0.634438,-0.312232,0.312232,0.634438
2023.09.20-21.36.11,0.0,-249.839996,92.549995,0.624319,-0.332002,0.332002,0.624319
2023.09.20-21.36.11,0.0,-249.839996,92.549995,0.614332,-0.350138,0.350138,0.614332
2023.09.20-21.36.11,0.0,-249.839996,92.549995,0.600847,-0.372804,0.372804,0.600847
2023.09.20-21.36.11,0.0,-249.839996,92.549995,0.58562,-0.396295,0.396295,0.58562
2023.09.20-21.36.11,0.0,-249.839996,92.549995,0.57019,-0.41819,0.418191,0.57019
2023.09.20-21.36.11,0.0,-249.839996,92.549995,0.549754,-0.444714,0.444714,0.549754
2023.09.20-21.36.11,0.0,-249.839996,92.549995,0.525795,-0.4728,0.4728,0.525795
2023.09.20-21.36.11,0.0,-249.839996,92.549995,0.506336,-0.493582,0.493581,0.506337
2023.09.20-21.36.11,0.0,-249.839996,92.549995,0.487651,-0.512051,0.512051,0.487651
2023.09.20-21.36.11,0.0,-249.839996,92.549995,0.471742,-0.526744,0.526745,0.471741
2023.09.20-21.36.11,0.0,-249.839996,92.549995,0.454512,-0.541681,0.541681,0.454512
2023.09.20-21.36.11,0.0,-249.839996,92.549995,0.438414,-0.554791,0.554791,0.438415
2023.09.20-21.36.11,0.0,-249.839996,92.549995,0.41778,-0.570491,0.570491,0.41778
2023.09.20-21.36.11,0.0,-249.839996,92.549995,0.399647,-0.583337,0.583337,0.399647
2023.09.20-21.36.11,0.0,-249.839996,92.549995,0.382669,-0.594613,0.594613,0.382669
2023.09.20-21.36.11,0.0,-249.839996,92.549995,0.375738,-0.599016,0.599016,0.375738
2023.09.20-21.36.11,0.0,-249.839996,92.549995,0.385716,-0.592641,0.592641,0.385716
2023.09.20-21.36.11,0.0,-249.839996,92.549995,0.373668,-0.60031,0.60031,0.373668
2023.09.20-21.36.11,0.0,-249.839996,92.549995,0.36028,-0.608439,0.608439,0.36028
2023.09.20-21.36.11,0.0,-249.839996,92.549995,0.34357,-0.618029,0.618029,0.34357
2023.09.20-21.36.11,0.0,-249.839996,92.549995,0.325719,-0.62762,0.62762,0.325719
2023.09.20-21.36.11,0.0,-249.839996,92.549995,0.305885,-0.637522,0.637522,0.305885
2023.09.20-21.36.11,0.0,-249.839996,92.549995,0.293054,-0.643521,0.643521,0.293054
2023.09.20-21.36.11,0.0,-249.839996,92.549995,0.327988,-0.626437,0.626437,0.327988
2023.09.20-21.36.11,0.0,-249.839996,92.549995,0.331376,-0.624652,0.624652,0.331376
2023.09.20-21.36.11,0.0,-249.839996,92.549995,0.340241,-0.619868,0.619868,0.340241
2023.09.20-21.36.11,0.0,-249.839996,92.549995,0.362065,-0.607379,0.607379,0.362065
2023.09.20-21.36.11,0.0,-249.839996,92.549995,0.382969,-0.594419,0.59442,0.382969
2023.09.20-21.36.12,0.0,-249.839996,92.549995,0.401844,-0.581825,0.581826,0.401844
2023.09.20-21.36.12,0.0,-249.839996,92.549995,0.420527,-0.568469,0.568469,0.420527
2023.09.20-21.36.12,0.0,-249.839996,92.549995,0.423217,-0.566469,0.566469,0.423217
2023.09.20-21.36.12,0.0,-249.839996,92.549995,0.442319,-0.551683,0.551683,0.442319
2023.09.20-21.36.12,0.0,-249.839996,92.549995,-0.460102,0.536941,-0.536941,-0.460102
2023.09.20-21.36.12,0.0,-249.839996,92.549995,0.478317,-0.520781,0.520781,0.478317
2023.09.20-21.36.12,0.0,-249.839996,92.549995,-0.495014,0.504937,-0.504937,-0.495013
2023.09.20-21.36.12,0.0,-249.839996,92.549995,0.509687,-0.490121,0.490121,0.509688
2023.09.20-21.36.12,0.0,-249.839996,92.549995,0.524587,-0.474139,0.474139,0.524587
2023.09.20-21.36.12,0.0,-249.839996,92.549995,0.539394,-0.457224,0.457224,0.539394
2023.09.20-21.36.12,0.0,-249.839996,92.549995,0.553177,-0.440449,0.440449,0.553177
2023.09.20-21.36.12,0.0,-249.839996,92.549995,0.564419,-0.425948,0.425947,0.564419
2023.09.20-21.36.12,0.0,-249.839996,92.549995,0.573127,-0.414157,0.414157,0.573127
2023.09.20-21.36.12,0.0,-249.839996,92.549995,0.585706,-0.396168,0.396168,0.585706
2023.09.20-21.36.12,0.0,-249.839996,92.549995,0.595968,-0.380555,0.380555,0.595968
2023.09.20-21.36.12,0.0,-249.839996,92.549995,0.607015,-0.362675,0.362675,0.607015
2023.09.20-21.36.12,0.0,-249.839996,92.549995,0.605464,-0.365257,0.365257,0.605464
2023.09.20-21.36.12,0.0,-249.839996,92.549995,0.612351,-0.353591,0.353591,0.612351
2023.09.20-21.36.12,0.0,-249.839996,92.549995,0.620102,-0.339814,0.339814,0.620102
2023.09.20-21.36.12,0.0,-249.839996,92.549995,0.626731,-0.327428,0.327428,0.626731
2023.09.20-21.36.12,0.0,-249.839996,92.549995,0.633356,-0.314421,0.314421,0.633356
2023.09.20-21.36.12,0.0,-249.839996,92.549995,0.639049,-0.302682,0.302682,0.639049
2023.09.20-21.36.12,0.0,-249.839996,92.549995,0.644933,-0.289932,0.289933,0.644933
2023.09.20-21.36.12,0.0,-249.839996,92.549995,0.649837,-0.278769,0.278769,0.649837
2023.09.20-21.36.12,0.0,-249.839996,92.549995,0.654763,-0.266994,0.266994,0.654763
2023.09.20-21.36.12,0.0,-249.839996,92.549995,0.657288,-0.260716,0.260716,0.657288
2023.09.20-21.36.12,0.0,-249.839996,92.549995,0.661579,-0.249626,0.249626,0.661579
2023.09.20-21.36.12,0.0,-249.839996,92.549995,0.664556,-0.241589,0.241589,0.664556
2023.09.20-21.36.12,0.0,-249.839996,92.549995,0.667073,-0.234549,0.234549,0.667073
2023.09.20-21.36.12,0.0,-249.839996,92.549995,0.670013,-0.226015,0.226015,0.670013
2023.09.20-21.36.12,0.0,-249.839996,92.549995,0.672812,-0.217542,0.217542,0.672812
2023.09.20-21.36.12,0.0,-249.839996,92.549995,0.675233,-0.209906,0.209906,0.675233
2023.09.20-21.36.12,0.0,-249.839996,92.549995,0.677539,-0.202339,0.202339,0.677539
2023.09.20-21.36.12,0.0,-249.839996,92.549995,0.679969,-0.194016,0.194016,0.679969
2023.09.20-21.36.12,0.0,-249.839996,92.549995,0.682797,-0.183816,0.183816,0.682797
2023.09.20-21.36.12,0.0,-249.839996,92.549995,0.685229,-0.174533,0.174533,0.685229
2023.09.20-21.36.12,0.0,-249.839996,92.549995,0.686647,-0.168868,0.168868,0.686646
2023.09.20-21.36.12,0.0,-249.839996,92.549995,0.68771,-0.164484,0.164484,0.68771
2023.09.20-21.36.12,0.0,-249.839996,92.549995,0.690197,-0.153715,0.153715,0.690197
2023.09.20-21.36.12,0.0,-249.839996,92.549995,0.692043,-0.145176,0.145176,0.692043
2023.09.20-21.36.12,0.0,-249.839996,92.549995,0.693833,-0.136365,0.136365,0.693833
2023.09.20-21.36.12,0.0,-249.839996,92.549995,0.69552,-0.127486,0.127486,0.695519
2023.09.20-21.36.12,0.0,-249.839996,92.549995,0.697323,-0.11722,0.117221,0.697323
2023.09.20-21.36.12,0.0,-249.839996,92.549995,0.69881,-0.108001,0.108001,0.69881
2023.09.20-21.36.12,0.0,-249.839996,92.549995,0.700262,-0.098149,0.098149,0.700262
2023.09.20-21.36.12,0.0,-249.839996,92.549995,0.701439,-0.089352,0.089352,0.701439
2023.09.20-21.36.12,0.0,-249.839996,92.549995,0.702618,-0.07955,0.07955,0.702618
2023.09.20-21.36.12,0.0,-249.839996,92.549995,0.703578,-0.070554,0.070554,0.703578
2023.09.20-21.36.12,0.0,-249.839996,92.549995,0.704949,-0.055192,0.055192,0.704949
2023.09.20-21.36.12,0.0,-249.839996,92.549995,0.70582,-0.042639,0.042639,0.70582
2023.09.20-21.36.12,0.0,-249.839996,92.549995,0.706601,-0.02675,0.02675,0.706601
2023.09.20-21.36.12,0.0,-249.839996,92.549995,0.707043,-0.009485,0.009485,0.707043
2023.09.20-21.36.12,0.0,-249.839996,92.549995,0.707085,-0.005609,0.005609,0.707084
2023.09.20-21.36.12,0.0,-249.839996,92.549995,0.706981,0.013347,-0.013347,0.706981
2023.09.20-21.36.12,0.0,-249.839996,92.549995,0.706452,0.030433,-0.030433,0.706451
2023.09.20-21.36.12,0.0,-249.839996,92.549995,0.704246,0.063546,-0.063546,0.704246
2023.09.20-21.36.12,0.0,-249.839996,92.549995,0.7021,0.084001,-0.084001,0.7021
2023.09.20-21.36.12,0.0,-249.839996,92.549995,0.699662,0.10234,-0.10234,0.699662
2023.09.20-21.36.12,0.0,-249.839996,92.549995,0.696848,0.12001,-0.12001,0.696848
2023.09.20-21.36.12,0.0,-249.839996,92.549995,0.696813,0.120215,-0.120215,0.696813
2023.09.20-21.36.12,0.0,-249.839996,92.549995,0.693942,0.135812,-0.135812,0.693942
2023.09.20-21.36.12,0.0,-249.839996,92.549995,0.690572,0.152019,-0.152019,0.690572
2023.09.20-21.36.12,0.0,-249.839996,92.549995,0.687771,0.16423,-0.16423,0.687771
2023.09.20-21.36.12,0.0,-249.839996,92.549995,0.685022,0.175343,-0.175343,0.685022
2023.09.20-21.36.12,0.0,-249.839996,92.549995,0.682614,0.184494,-0.184494,0.682614
2023.09.20-21.36.12,0.0,-249.839996,92.549995,0.680393,0.192525,-0.192525,0.680393
2023.09.20-21.36.12,0.0,-249.839996,92.549995,0.680256,0.193006,-0.193006,0.680256
2023.09.20-21.36.13,0.0,-249.839996,92.549995,0.678038,0.20066,-0.200661,0.678038
2023.09.20-21.36.13,0.0,-249.839996,92.549995,0.678002,0.200781,-0.200781,0.678002
2023.09.20-21.36.13,0.0,-249.839996,92.549995,0.678268,0.19988,-0.19988,0.678268
2023.09.20-21.36.13,0.0,-249.839996,92.549995,0.678658,0.198552,-0.198552,0.678658
2023.09.20-21.36.13,0.0,-249.839996,92.549995,0.678953,0.197542,-0.197542,0.678953
2023.09.20-21.36.13,0.0,-249.839996,92.549995,0.680026,0.193817,-0.193817,0.680026
2023.09.20-21.36.13,0.0,-249.839996,92.549995,0.681767,0.187602,-0.187602,0.681766
2023.09.20-21.36.13,0.0,-249.839996,92.549995,0.683057,0.182848,-0.182848,0.683057
2023.09.20-21.36.13,0.0,-249.839996,92.549995,0.68521,0.174605,-0.174605,0.68521
2023.09.20-21.36.13,0.0,-249.839996,92.549995,0.68666,0.168814,-0.168814,0.68666
2023.09.20-21.36.13,0.0,-249.839996,92.549995,0.687699,0.16453,-0.16453,0.687699
2023.09.20-21.36.13,0.0,-249.839996,92.549995,0.688783,0.159931,-0.159931,0.688783
2023.09.20-21.36.13,0.0,-249.839996,92.549995,0.690695,0.151459,-0.151459,0.690695
2023.09.20-21.36.13,0.0,-249.839996,92.549995,0.691897,0.14587,-0.14587,0.691897
2023.09.20-21.36.13,0.0,-249.839996,92.549995,0.692762,0.141705,-0.141705,0.692762
2023.09.20-21.36.13,0.0,-249.839996,92.549995,0.693493,0.138084,-0.138084,0.693493
2023.09.20-21.36.13,0.0,-249.839996,92.549995,0.694128,0.134855,-0.134855,0.694128
2023.09.20-21.36.13,0.0,-249.839996,92.549995,0.695111,0.129694,-0.129694,0.695111
2023.09.20-21.36.13,0.0,-249.839996,92.549995,0.69561,0.126991,-0.126991,0.69561
2023.09.20-21.36.13,0.0,-249.839996,92.549995,0.695378,0.128256,-0.128256,0.695378
2023.09.20-21.36.13,0.0,-249.839996,92.549995,0.698072,0.112672,-0.112672,0.698072
2023.09.20-21.36.13,0.0,-249.839996,92.549995,0.699787,0.10148,-0.10148,0.699787
2023.09.20-21.36.13,0.0,-249.839996,92.549995,0.699781,0.101522,-0.101522,0.699781
2023.09.20-21.36.13,0.0,-249.839996,92.549995,0.700493,0.096485,-0.096485,0.700493
2023.09.20-21.36.13,0.0,-249.839996,92.549995,0.701391,0.089723,-0.089723,0.701391
2023.09.20-21.36.13,0.0,-249.839996,92.549995,0.702428,0.081209,-0.081209,0.702428
2023.09.20-21.36.13,0.0,-249.839996,92.549995,0.703408,0.072228,-0.072228,0.703408
2023.09.20-21.36.13,0.0,-249.839996,92.549995,0.704826,0.056752,-0.056752,0.704826
2023.09.20-21.36.13,0.0,-249.839996,92.549995,0.705759,0.043635,-0.043635,0.705759
2023.09.20-21.36.13,0.0,-249.839996,92.549995,0.706403,0.031539,-0.031539,0.706403
2023.09.20-21.36.13,0.0,-249.839996,92.549995,0.706899,0.017136,-0.017136,0.706899
2023.09.20-21.36.13,0.0,-249.839996,92.549995,0.707107,-0.000548,0.000548,0.707106
2023.09.20-21.36.13,0.0,-249.839996,92.549995,0.70664,-0.025698,0.025698,0.70664
2023.09.20-21.36.13,0.0,-249.839996,92.549995,0.705411,-0.048949,0.048949,0.70541
2023.09.20-21.36.13,0.0,-249.839996,92.549995,0.703265,-0.073609,0.073609,0.703265
2023.09.20-21.36.13,0.0,-249.839996,92.549995,0.700886,-0.093585,0.093585,0.700886
2023.09.20-21.36.13,0.0,-249.839996,92.549995,0.698357,-0.110894,0.110894,0.698357
2023.09.20-21.36.13,0.0,-249.839996,92.549995,0.695423,-0.128008,0.128008,0.695423
2023.09.20-21.36.13,0.0,-249.839996,92.549995,0.691992,-0.145421,0.145421,0.691992
2023.09.20-21.36.13,0.0,-249.839996,92.549995,0.689156,-0.158316,0.158316,0.689156
2023.09.20-21.36.13,0.0,-249.839996,92.549995,0.685204,-0.17463,0.17463,0.685204
2023.09.20-21.36.13,0.0,-249.839996,92.549995,0.680734,-0.191315,0.191315,0.680734
2023.09.20-21.36.13,0.0,-249.839996,92.549995,0.676389,-0.20615,0.20615,0.676389
2023.09.20-21.36.13,0.0,-249.839996,92.549995,0.670883,-0.223418,0.223418,0.670883
2023.09.20-21.36.13,0.0,-249.839996,92.549995,0.664212,-0.242533,0.242533,0.664212
2023.09.20-21.36.13,0.0,-249.839996,92.549995,0.655464,-0.265268,0.265268,0.655464
2023.09.20-21.36.13,0.0,-249.839996,92.549995,0.64001,-0.300644,0.300644,0.64001
2023.09.20-21.36.13,0.0,-249.839996,92.549995,0.628546,-0.323929,0.323929,0.628546
2023.09.20-21.36.13,0.0,-249.839996,92.549995,0.614241,-0.350298,0.350298,0.614241
2023.09.20-21.36.13,0.0,-249.839996,92.549995,0.597775,-0.377709,0.377709,0.597775
2023.09.20-21.36.13,0.0,-249.839996,92.549995,0.573709,-0.413349,0.413349,0.573709
2023.09.20-21.36.13,0.0,-249.839996,92.549995,0.548613,-0.44612,0.44612,0.548613
2023.09.20-21.36.13,0.0,-249.839996,92.549995,0.513904,-0.485698,0.485698,0.513904
2023.09.20-21.36.13,0.0,-249.839996,92.549995,0.490719,-0.509112,0.509112,0.490719
2023.09.20-21.36.13,0.0,-249.839996,92.549995,0.472664,-0.525917,0.525917,0.472664
2023.09.20-21.36.13,0.0,-249.839996,92.549995,0.446932,-0.547952,0.547952,0.446932
2023.09.20-21.36.13,0.0,-249.839996,92.549995,0.413994,-0.573244,0.573244,0.413994
2023.09.20-21.36.14,0.0,-249.839996,92.549995,0.385184,-0.592987,0.592987,0.385184
2023.09.20-21.36.14,0.0,-249.839996,92.549995,0.364826,-0.605724,0.605725,0.364826
2023.09.20-21.36.14,0.0,-249.839996,92.549995,0.351115,-0.613774,0.613774,0.351115
2023.09.20-21.36.14,0.0,-249.839996,92.549995,0.350412,-0.614175,0.614175,0.350412
2023.09.20-21.36.14,0.0,-249.839996,92.549995,0.357941,-0.609818,0.609818,0.357941
2023.09.20-21.36.14,0.0,-249.839996,92.549995,0.370675,-0.602163,0.602162,0.370675
2023.09.20-21.36.14,0.0,-249.839996,92.549995,0.374148,-0.600011,0.600011,0.374148
2023.09.20-21.36.14,0.0,-249.839996,92.549995,0.395108,-0.586421,0.586421,0.395108
2023.09.20-21.36.14,0.0,-249.839996,92.549995,0.425685,-0.564617,0.564617,0.425685
2023.09.20-21.36.14,0.0,-249.839996,92.549995,-0.448448,0.546713,-0.546713,-0.448447
2023.09.20-21.36.14,0.0,-249.839996,92.549995,0.469501,-0.528743,0.528742,0.469501
2023.09.20-21.36.14,0.0,-249.839996,92.549995,0.498043,-0.501949,0.501949,0.498043
2023.09.20-21.36.14,0.0,-249.839996,92.549995,0.519554,-0.47965,0.47965,0.519554
2023.09.20-21.36.14,0.0,-249.839996,92.549995,0.536225,-0.460936,0.460936,0.536225
2023.09.20-21.36.14,0.0,-249.839996,92.549995,0.549461,-0.445075,0.445075,0.549461
2023.09.20-21.36.14,0.0,-249.839996,92.549995,0.559803,-0.431996,0.431996,0.559803
2023.09.20-21.36.14,0.0,-249.839996,92.549995,0.57213,-0.415532,0.415532,0.57213
2023.09.20-21.36.14,0.0,-249.839996,92.549995,0.58092,-0.403152,0.403152,0.58092
2023.09.20-21.36.14,0.0,-249.839996,92.549995,0.589034,-0.391201,0.391201,0.589034
2023.09.20-21.36.14,0.0,-249.839996,92.549995,0.597316,-0.378435,0.378435,0.597316
2023.09.20-21.36.14,0.0,-249.839996,92.549995,0.603915,-0.367813,0.367813,0.603915
2023.09.20-21.36.14,0.0,-249.839996,92.549995,0.608034,-0.360964,0.360964,0.608034
2023.09.20-21.36.14,0.0,-249.839996,92.549995,0.612468,-0.353388,0.353388,0.612468
2023.09.20-21.36.14,0.0,-249.839996,92.549995,0.615972,-0.347245,0.347245,0.615972
2023.09.20-21.36.14,0.0,-249.839996,92.549995,0.618842,-0.342104,0.342104,0.618842
2023.09.20-21.36.14,0.0,-249.839996,92.549995,0.619754,-0.340447,0.340447,0.619754
2023.09.20-21.36.14,0.0,-249.839996,92.549995,0.623361,-0.333799,0.333799,0.623361
2023.09.20-21.36.14,0.0,-249.839996,92.549995,0.622971,-0.334526,0.334526,0.622971
2023.09.20-21.36.14,0.0,-249.839996,92.549995,0.625811,-0.329182,0.329182,0.625811
2023.09.20-21.36.14,0.0,-249.839996,92.549995,0.628839,-0.323359,0.323359,0.628839
2023.09.20-21.36.14,0.0,-249.839996,92.549995,0.631989,-0.317159,0.317159,0.631989
2023.09.20-21.36.14,0.0,-249.839996,92.549995,0.635634,-0.30979,0.30979,0.635634
2023.09.20-21.36.14,0.0,-249.839996,92.549995,0.639127,-0.302517,0.302517,0.639127
2023.09.20-21.36.14,0.0,-249.839996,92.549995,0.6421,-0.296155,0.296155,0.6421
2023.09.20-21.36.14,0.0,-249.839996,92.549995,0.644837,-0.290146,0.290146,0.644837
2023.09.20-21.36.14,0.0,-249.839996,92.549995,0.650371,-0.27752,0.27752,0.650371
2023.09.20-21.36.14,0.0,-249.839996,92.549995,0.65379,-0.269368,0.269368,0.65379
2023.09.20-21.36.14,0.0,-249.839996,92.549995,0.657597,-0.259934,0.259934,0.657597
2023.09.20-21.36.14,0.0,-249.839996,92.549995,0.658689,-0.257155,0.257155,0.658689
2023.09.20-21.36.14,0.0,-249.839996,92.549995,0.66365,-0.244068,0.244068,0.66365
2023.09.20-21.36.14,0.0,-249.839996,92.549995,0.666834,-0.235229,0.235229,0.666834
2023.09.20-21.36.14,0.0,-249.839996,92.549995,0.66973,-0.226852,0.226852,0.66973
2023.09.20-21.36.14,0.0,-249.839996,92.549995,0.669825,-0.226571,0.226571,0.669825
2023.09.20-21.36.14,0.0,-249.839996,92.549995,0.672096,-0.219743,0.219743,0.672096
2023.09.20-21.36.15,0.0,-249.839996,92.549995,0.674102,-0.213508,0.213508,0.674102
2023.09.20-21.36.15,0.0,-249.839996,92.549995,0.675383,-0.209424,0.209424,0.675383
2023.09.20-21.36.15,0.0,-249.839996,92.549995,0.676791,-0.204828,0.204828,0.676791
2023.09.20-21.36.15,0.0,-249.839996,92.549995,0.677413,-0.202758,0.202758,0.677413
2023.09.20-21.36.15,0.0,-249.839996,92.549995,0.676661,-0.205254,0.205254,0.676661
2023.09.20-21.36.15,0.0,-249.839996,92.549995,0.677861,-0.201258,0.201258,0.677861
2023.09.20-21.36.15,0.0,-249.839996,92.549995,0.678372,-0.199528,0.199528,0.678372
2023.09.20-21.36.15,0.0,-249.839996,92.549995,0.678703,-0.1984,0.1984,0.678703
2023.09.20-21.36.15,0.0,-249.839996,92.549995,0.678414,-0.199384,0.199384,0.678414
2023.09.20-21.36.15,0.0,-249.839996,92.549995,0.677314,-0.203091,0.203091,0.677314
2023.09.20-21.36.15,0.0,-249.839996,92.549995,0.675743,-0.208257,0.208257,0.675743
2023.09.20-21.36.15,0.0,-249.839996,92.549995,0.675464,-0.20916,0.20916,0.675464
2023.09.20-21.36.15,0.0,-249.839996,92.549995,0.674495,-0.212264,0.212264,0.674495
2023.09.20-21.36.15,0.0,-249.839996,92.549995,0.673907,-0.214125,0.214125,0.673907
2023.09.20-21.36.15,0.0,-249.839996,92.549995,0.673343,-0.215893,0.215893,0.673343
2023.09.20-21.36.15,0.0,-249.839996,92.549995,0.671866,-0.220446,0.220446,0.671866
2023.09.20-21.36.15,0.0,-249.839996,92.549995,0.670526,-0.224489,0.224489,0.670526
2023.09.20-21.36.15,0.0,-249.839996,92.549995,0.670415,-0.224818,0.224818,0.670415
2023.09.20-21.36.15,0.0,-249.839996,92.549995,0.67047,-0.224656,0.224656,0.67047
2023.09.20-21.36.15,0.0,-249.839996,92.549995,0.669452,-0.227672,0.227672,0.669452
2023.09.20-21.36.15,0.0,-249.839996,92.549995,0.668463,-0.230557,0.230557,0.668463
2023.09.20-21.36.15,0.0,-249.839996,92.549995,0.66686,-0.235154,0.235154,0.66686
2023.09.20-21.36.15,0.0,-249.839996,92.549995,0.665764,-0.23824,0.23824,0.665764
2023.09.20-21.36.15,0.0,-249.839996,92.549995,0.66457,-0.241551,0.241551,0.66457
2023.09.20-21.36.15,0.0,-249.839996,92.549995,0.663459,-0.244585,0.244585,0.663459
2023.09.20-21.36.15,0.0,-249.839996,92.549995,0.662536,-0.247075,0.247075,0.662536
2023.09.20-21.36.15,0.0,-249.839996,92.549995,0.661915,-0.248735,0.248735,0.661915
2023.09.20-21.36.15,0.0,-249.839996,92.549995,0.662065,-0.248334,0.248334,0.662065
2023.09.20-21.36.15,0.0,-249.839996,92.549995,0.664138,-0.242736,0.242736,0.664138
2023.09.20-21.36.15,0.0,-249.839996,92.549995,0.666379,-0.236515,0.236515,0.666379
2023.09.20-21.36.15,0.0,-249.839996,92.549995,0.667497,-0.233339,0.233339,0.667497
2023.09.20-21.36.15,0.0,-249.839996,92.549995,0.667293,-0.233923,0.233923,0.667293
2023.09.20-21.36.15,0.0,-249.839996,92.549995,0.666526,-0.236101,0.236101,0.666526
2023.09.20-21.36.15,0.0,-249.839996,92.549995,0.667013,-0.23472,0.23472,0.667013
2023.09.20-21.36.15,0.0,-249.839996,92.549995,0.667753,-0.232605,0.232605,0.667753
2023.09.20-21.36.15,0.0,-249.839996,92.549995,0.668189,-0.231351,0.231351,0.668189
2023.09.20-21.36.15,0.0,-249.839996,92.549995,0.66862,-0.230104,0.230104,0.66862
2023.09.20-21.36.15,0.0,-249.839996,92.549995,0.669588,-0.22727,0.22727,0.669588
2023.09.20-21.36.15,0.0,-249.839996,92.549995,0.672061,-0.219851,0.219851,0.672061
2023.09.20-21.36.15,0.0,-249.839996,92.549995,0.673038,-0.216841,0.216841,0.673038
2023.09.20-21.36.15,0.0,-249.839996,92.549995,0.672891,-0.217298,0.217298,0.67289
2023.09.20-21.36.15,0.0,-249.839996,92.549995,0.673024,-0.216884,0.216884,0.673024
2023.09.20-21.36.15,0.0,-249.839996,92.549995,0.673623,-0.215017,0.215017,0.673623
2023.09.20-21.36.15,0.0,-249.839996,92.549995,0.673728,-0.214687,0.214687,0.673728
2023.09.20-21.36.15,0.0,-249.839996,92.549995,0.674321,-0.212818,0.212818,0.674321
2023.09.20-21.36.15,0.0,-249.839996,92.549995,0.674732,-0.211512,0.211512,0.674731
2023.09.20-21.36.15,0.0,-249.839996,92.549995,0.674145,-0.213375,0.213375,0.674145
2023.09.20-21.36.15,0.0,-249.839996,92.549995,0.673482,-0.215458,0.215458,0.673482
2023.09.20-21.36.15,0.0,-249.839996,92.549995,0.673195,-0.216353,0.216353,0.673195
2023.09.20-21.36.15,0.0,-249.839996,92.549995,0.673047,-0.216814,0.216814,0.673047
2023.09.20-21.36.15,0.0,-249.839996,92.549995,0.671634,-0.221152,0.221152,0.671634
2023.09.20-21.36.15,0.0,-249.839996,92.549995,0.667223,-0.234122,0.234122,0.667223
2023.09.20-21.36.15,0.0,-249.839996,92.549995,0.657061,-0.261288,0.261288,0.657061
2023.09.20-21.36.15,0.0,-249.839996,92.549995,0.648751,-0.281286,0.281286,0.648751
2023.09.20-21.36.15,0.0,-249.839996,92.549995,0.636176,-0.308675,0.308675,0.636176
2023.09.20-21.36.15,0.0,-249.839996,92.549995,0.613685,-0.351271,0.351271,0.613685
2023.09.20-21.36.15,0.0,-249.839996,92.549995,0.596436,-0.379821,0.379821,0.596436
2023.09.20-21.36.15,0.0,-249.839996,92.549995,0.585276,-0.396802,0.396802,0.585276
2023.09.20-21.36.15,0.0,-249.839996,92.549995,0.580439,-0.403845,0.403845,0.580439
2023.09.20-21.36.15,0.0,-249.839996,92.549995,0.567774,-0.421465,0.421465,0.567774
2023.09.20-21.36.15,0.0,-249.839996,92.549995,0.550872,-0.443329,0.443328,0.550872
2023.09.20-21.36.15,0.0,-249.839996,92.549995,0.520711,-0.478394,0.478394,0.520711
2023.09.20-21.36.16,0.0,-249.839996,92.549995,-0.493188,0.506721,-0.506721,-0.493187
2023.09.20-21.36.16,0.0,-249.839996,92.549995,0.4669,-0.531041,0.531041,0.4669
2023.09.20-21.36.16,0.0,-249.839996,92.549995,0.428816,-0.562242,0.562242,0.428816
2023.09.20-21.36.16,0.0,-249.839996,92.549995,0.452516,-0.54335,0.54335,0.452516
2023.09.20-21.36.16,0.0,-249.839996,92.549995,-0.460321,0.536754,-0.536754,-0.460321
2023.09.20-21.36.16,0.0,-249.839996,92.549995,0.469212,-0.528999,0.528999,0.469212
2023.09.20-21.36.16,0.0,-249.839996,92.549995,0.485118,-0.514452,0.514452,0.485117
2023.09.20-21.36.16,0.0,-249.839996,92.549995,0.500909,-0.49909,0.499081,0.500917
2023.09.20-21.36.16,0.0,-249.839996,92.549995,0.5,-0.5,0.5,0.5
2023.09.20-21.36.16,0.0,-249.839996,92.549995,0.5,-0.5,0.5,0.5
2023.09.20-21.36.16,0.0,-249.839996,92.549995,0.494472,-0.505468,0.505468,0.494472
2023.09.20-21.36.16,0.0,-249.839996,92.549995,0.48219,-0.517197,0.517197,0.48219
2023.09.20-21.36.16,0.0,-249.839996,92.549995,-0.4698,0.528476,-0.528477,-0.4698
2023.09.20-21.36.16,0.0,-249.839996,92.549995,0.462198,-0.535139,0.535138,0.462198
2023.09.20-21.36.16,0.0,-249.839996,92.549995,0.470628,-0.52774,0.52774,0.470628
2023.09.20-21.36.16,0.0,-249.839996,92.549995,-0.469928,0.528363,-0.528363,-0.469928
2023.09.20-21.36.16,0.0,-249.839996,92.549995,0.470826,-0.527563,0.527563,0.470826
2023.09.20-21.36.16,0.0,-249.839996,92.549995,0.473562,-0.525109,0.525109,0.473562
2023.09.20-21.36.16,0.0,-249.839996,92.549995,0.484166,-0.515348,0.515348,0.484166
2023.09.20-21.36.16,0.0,-249.839996,92.549995,0.505237,-0.494708,0.494707,0.505237
2023.09.20-21.36.16,0.0,-249.839996,92.549995,0.530514,-0.467499,0.467499,0.530514
2023.09.20-21.36.16,0.0,-249.839996,92.549995,0.556008,-0.43687,0.43687,0.556007
2023.09.20-21.36.16,0.0,-249.839996,92.549995,0.580405,-0.403894,0.403894,0.580405
2023.09.20-21.36.16,0.0,-249.839996,92.549995,0.607225,-0.362322,0.362322,0.607225
2023.09.20-21.36.16,0.0,-249.839996,92.549995,0.623684,-0.333194,0.333194,0.623684
2023.09.20-21.36.16,0.0,-249.839996,92.549995,0.639918,-0.30084,0.30084,0.639918
2023.09.20-21.36.16,0.0,-249.839996,92.549995,0.651493,-0.274876,0.274876,0.651493
2023.09.20-21.36.16,0.0,-249.839996,92.549995,0.66152,-0.249783,0.249783,0.66152
2023.09.20-21.36.16,0.0,-249.839996,92.549995,0.671338,-0.222047,0.222047,0.671338
2023.09.20-21.36.16,0.0,-249.839996,92.549995,0.679231,-0.196583,0.196583,0.679231
2023.09.20-21.36.16,0.0,-249.839996,92.549995,0.685884,-0.171939,0.171939,0.685884
2023.09.20-21.36.16,0.0,-249.839996,92.549995,0.689914,-0.154979,0.154979,0.689914
2023.09.20-21.36.16,0.0,-249.839996,92.549995,0.684511,-0.177325,0.177325,0.684511
2023.09.20-21.36.16,0.0,-249.839996,92.549995,0.685166,-0.174778,0.174779,0.685166
2023.09.20-21.36.16,0.0,-249.839996,92.549995,0.68011,-0.19352,0.19352,0.68011
2023.09.20-21.36.16,0.0,-249.839996,92.549995,0.673087,-0.216688,0.216688,0.673087
2023.09.20-21.36.16,0.0,-249.839996,92.549995,0.672406,-0.218792,0.218792,0.672406
2023.09.20-21.36.16,0.0,-249.839996,92.549995,0.670598,-0.224273,0.224273,0.670598
2023.09.20-21.36.16,0.0,-249.839996,92.549995,0.668168,-0.231413,0.231413,0.668168
2023.09.20-21.36.16,0.0,-249.839996,92.549995,0.664101,-0.242836,0.242836,0.664101
2023.09.20-21.36.16,0.0,-249.839996,92.549995,0.662215,-0.247935,0.247935,0.662215
2023.09.20-21.36.16,0.0,-249.839996,92.549995,0.658624,-0.257321,0.257321,0.658624
2023.09.20-21.36.16,0.0,-249.839996,92.549995,0.65284,-0.271662,0.271662,0.65284
2023.09.20-21.36.16,0.0,-249.839996,92.549995,0.645272,-0.289178,0.289178,0.645272
2023.09.20-21.36.16,0.0,-249.839996,92.549995,0.634207,-0.312701,0.312701,0.634207
2023.09.20-21.36.16,0.0,-249.839996,92.549995,0.612545,-0.353253,0.353253,0.612545
2023.09.20-21.36.16,0.0,-249.839996,92.549995,0.592645,-0.385709,0.385709,0.592645
2023.09.20-21.36.16,0.0,-249.839996,92.549995,0.572283,-0.415322,0.415322,0.572283
2023.09.20-21.36.16,0.0,-249.839996,92.549995,0.569952,-0.418515,0.418515,0.569952
2023.09.20-21.36.16,0.0,-249.839996,92.549995,0.575339,-0.411078,0.411078,0.575339
2023.09.20-21.36.16,0.0,-249.839996,92.549995,0.579887,-0.404638,0.404638,0.579886
2023.09.20-21.36.16,0.0,-249.839996,92.549995,0.579774,-0.404799,0.404799,0.579774
2023.09.20-21.36.16,0.0,-249.839996,92.549995,0.574791,-0.411843,0.411843,0.574792
2023.09.20-21.36.16,0.0,-249.839996,92.549995,0.569544,-0.41907,0.41907,0.569544
2023.09.20-21.36.16,0.0,-249.839996,92.549995,0.567936,-0.421246,0.421246,0.567936
2023.09.20-21.36.16,0.0,-249.839996,92.549995,0.581311,-0.402588,0.402588,0.581311
2023.09.20-21.36.16,0.0,-249.839996,92.549995,0.610567,-0.356661,0.356661,0.610567
2023.09.20-21.36.16,0.0,-249.839996,92.549995,0.626742,-0.327406,0.327406,0.626742
2023.09.20-21.36.16,0.0,-249.839996,92.549995,0.636578,-0.307844,0.307845,0.636578
2023.09.20-21.36.16,0.0,-249.839996,92.549995,0.639666,-0.301376,0.301376,0.639666
2023.09.20-21.36.16,0.0,-249.839996,92.549995,0.643051,-0.294083,0.294084,0.643051
2023.09.20-21.36.16,0.0,-249.839996,92.549995,0.6489,-0.280942,0.280942,0.6489
2023.09.20-21.36.16,0.0,-249.839996,92.549995,0.653075,-0.271095,0.271095,0.653075
2023.09.20-21.36.16,0.0,-249.839996,92.549995,0.653802,-0.269337,0.269337,0.653802
2023.09.20-21.36.16,0.0,-249.839996,92.549995,0.654655,-0.267259,0.267259,0.654655
2023.09.20-21.36.17,0.0,-249.839996,92.549995,0.65713,-0.261112,0.261112,0.65713
2023.09.20-21.36.17,0.0,-249.839996,92.549995,0.656356,-0.263052,0.263052,0.656356
2023.09.20-21.36.17,0.0,-249.839996,92.549995,0.656493,-0.26271,0.26271,0.656493
2023.09.20-21.36.17,0.0,-249.839996,92.549995,0.654027,-0.268792,0.268792,0.654027
2023.09.20-21.36.17,0.0,-249.839996,92.549995,0.652135,-0.273348,0.273348,0.652135
2023.09.20-21.36.17,0.0,-249.839996,92.549995,0.649769,-0.278926,0.278926,0.649769
2023.09.20-21.36.17,0.0,-249.839996,92.549995,0.648498,-0.281869,0.281869,0.648498
2023.09.20-21.36.17,0.0,-249.839996,92.549995,0.648636,-0.281552,0.281552,0.648636
2023.09.20-21.36.17,0.0,-249.839996,92.549995,0.649287,-0.280048,0.280048,0.649287
2023.09.20-21.36.17,0.0,-249.839996,92.549995,0.649935,-0.278539,0.278539,0.649935
2023.09.20-21.36.17,0.0,-249.839996,92.549995,0.651701,-0.274382,0.274382,0.651701
2023.09.20-21.36.17,0.0,-249.839996,92.549995,0.65584,-0.264336,0.264336,0.65584
2023.09.20-21.36.17,0.0,-249.839996,92.549995,0.657872,-0.259239,0.259239,0.657872
2023.09.20-21.36.17,0.0,-249.839996,92.549995,0.660401,-0.252727,0.252727,0.660401
2023.09.20-21.36.17,0.0,-249.839996,92.549995,0.66288,-0.246151,0.246151,0.66288
2023.09.20-21.36.17,0.0,-249.839996,92.549995,0.666025,-0.237509,0.237509,0.666025
2023.09.20-21.36.17,0.0,-249.839996,92.549995,0.668756,-0.229706,0.229706,0.668756
2023.09.20-21.36.17,0.0,-249.839996,92.549995,0.671884,-0.22039,0.22039,0.671884
2023.09.20-21.36.17,0.0,-249.839996,92.549995,0.674602,-0.211923,0.211923,0.674602
2023.09.20-21.36.17,0.0,-249.839996,92.549995,0.679231,-0.196585,0.196586,0.679231
2023.09.20-21.36.17,0.0,-249.839996,92.549995,0.684495,-0.177387,0.177387,0.684495
2023.09.20-21.36.17,0.0,-249.839996,92.549995,0.689927,-0.154922,0.154922,0.689927
2023.09.20-21.36.17,0.0,-249.839996,92.549995,0.694408,-0.133407,0.133407,0.694408
2023.09.20-21.36.17,0.0,-249.839996,92.549995,0.697672,-0.115124,0.115124,0.697672
2023.09.20-21.36.17,0.0,-249.839996,92.549995,0.699759,-0.101671,0.101671,0.699759
2023.09.20-21.36.17,0.0,-249.839996,92.549995,0.700879,-0.093644,0.093644,0.700879
2023.09.20-21.36.17,0.0,-249.839996,92.549995,0.701678,-0.087449,0.087449,0.701678
2023.09.20-21.36.17,0.0,-249.839996,92.549995,0.702048,-0.084432,0.084432,0.702048
2023.09.20-21.36.17,0.0,-249.839996,92.549995,0.702217,-0.08301,0.08301,0.702217
2023.09.20-21.36.17,0.0,-249.839996,92.549995,0.701909,-0.085583,0.085583,0.701908
2023.09.20-21.36.17,0.0,-249.839996,92.549995,0.701338,-0.090142,0.090142,0.701337
2023.09.20-21.36.17,0.0,-249.839996,92.549995,0.700896,-0.093511,0.093511,0.700896
2023.09.20-21.36.17,0.0,-249.839996,92.549995,0.701224,-0.091019,0.091019,0.701224
2023.09.20-21.36.17,0.0,-249.839996,92.549995,0.701418,-0.089512,0.089512,0.701418
2023.09.20-21.36.17,0.0,-249.839996,92.549995,0.70161,-0.087998,0.087998,0.70161
2023.09.20-21.36.17,0.0,-249.839996,92.549995,0.701452,-0.089248,0.089248,0.701452
2023.09.20-21.36.17,0.0,-249.839996,92.549995,0.701844,-0.086107,0.086107,0.701844
2023.09.20-21.36.17,0.0,-249.839996,92.549995,0.701793,-0.086526,0.086526,0.701793
2023.09.20-21.36.17,0.0,-249.839996,92.549995,0.701309,-0.090367,0.090367,0.701309
2023.09.20-21.36.17,0.0,-249.839996,92.549995,0.700947,-0.093129,0.093129,0.700947
2023.09.20-21.36.17,0.0,-249.839996,92.549995,0.699988,-0.10008,0.10008,0.699988
2023.09.20-21.36.17,0.0,-249.839996,92.549995,0.698533,-0.109779,0.109779,0.698533
2023.09.20-21.36.17,0.0,-249.839996,92.549995,0.695693,-0.126535,0.126535,0.695693
2023.09.20-21.36.17,0.0,-249.839996,92.549995,0.689797,-0.155501,0.155501,0.689797
2023.09.20-21.36.17,0.0,-249.839996,92.549995,0.684973,-0.175532,0.175532,0.684973
2023.09.20-21.36.17,0.0,-249.839996,92.549995,0.680334,-0.192733,0.192733,0.680334
2023.09.20-21.36.17,0.0,-249.839996,92.549995,0.674575,-0.212009,0.212009,0.674575
2023.09.20-21.36.17,0.0,-249.839996,92.549995,0.667665,-0.23286,0.23286,0.667665
2023.09.20-21.36.17,0.0,-249.839996,92.549995,0.658189,-0.258432,0.258432,0.658189
2023.09.20-21.36.17,0.0,-249.839996,92.549995,0.643924,-0.292167,0.292167,0.643924
2023.09.20-21.36.17,0.0,-249.839996,92.549995,0.630524,-0.320061,0.320061,0.630524
2023.09.20-21.36.17,0.0,-249.839996,92.549995,0.613266,-0.352002,0.352002,0.613266
2023.09.20-21.36.17,0.0,-249.839996,92.549995,0.591883,-0.386877,0.386877,0.591883
2023.09.20-21.36.17,0.0,-249.839996,92.549995,0.538168,-0.458667,0.458667,0.538168
2023.09.20-21.36.17,0.0,-249.839996,92.549995,0.511447,-0.488285,0.488284,0.511447
2023.09.20-21.36.17,0.0,-249.839996,92.549995,0.463123,-0.534338,0.534338,0.463123
2023.09.20-21.36.17,0.0,-249.839996,92.549995,0.443986,-0.550342,0.550342,0.443986
2023.09.20-21.36.17,0.0,-249.839996,92.549995,0.424219,-0.565719,0.565719,0.424219
2023.09.20-21.36.17,0.0,-249.839996,92.549995,0.438528,-0.554701,0.554701,0.438528
2023.09.20-21.36.18,0.0,-249.839996,92.549995,0.439697,-0.553775,0.553774,0.439697
2023.09.20-21.36.18,0.0,-249.839996,92.549995,0.454253,-0.541899,0.541899,0.454253
2023.09.20-21.36.18,0.0,-249.839996,92.549995,0.468409,-0.529711,0.529711,0.468408
2023.09.20-21.36.18,0.0,-249.839996,92.549995,0.483618,-0.515862,0.515862,0.483618
2023.09.20-21.36.18,0.0,-249.839996,92.549995,0.502733,-0.497252,0.497252,0.502733
2023.09.20-21.36.18,0.0,-249.839996,92.549995,0.521068,-0.478004,0.478003,0.521069
2023.09.20-21.36.18,0.0,-249.839996,92.549995,0.539244,-0.457402,0.457401,0.539244
2023.09.20-21.36.18,0.0,-249.839996,92.549995,0.558611,-0.433537,0.433537,0.558611
2023.09.20-21.36.18,0.0,-249.839996,92.549995,0.577477,-0.408069,0.408069,0.577477
2023.09.20-21.36.18,0.0,-249.839996,92.549995,0.594315,-0.383131,0.383131,0.594315
2023.09.20-21.36.18,0.0,-249.839996,92.549995,0.607005,-0.362692,0.362692,0.607005
2023.09.20-21.36.18,0.0,-249.839996,92.549995,0.616377,-0.346525,0.346525,0.616377
2023.09.20-21.36.18,0.0,-249.839996,92.549995,0.620109,-0.339802,0.339802,0.620109
2023.09.20-21.36.18,0.0,-249.839996,92.549995,0.61923,-0.341399,0.3414,0.61923
2023.09.20-21.36.18,0.0,-249.839996,92.549995,0.614539,-0.349774,0.349774,0.614539
2023.09.20-21.36.18,0.0,-249.839996,92.549995,0.608427,-0.360301,0.360301,0.608427
2023.09.20-21.36.18,0.0,-249.839996,92.549995,0.600331,-0.373634,0.373634,0.600331
2023.09.20-21.36.18,0.0,-249.839996,92.549995,0.589576,-0.390385,0.390385,0.589576
2023.09.20-21.36.18,0.0,-249.839996,92.549995,0.576921,-0.408854,0.408855,0.576921
2023.09.20-21.36.18,0.0,-249.839996,92.549995,0.559956,-0.431798,0.431798,0.559956
2023.09.20-21.36.18,0.0,-249.839996,92.549995,0.534147,-0.463343,0.463343,0.534147
2023.09.20-21.36.18,0.0,-249.839996,92.549995,0.49844,-0.501555,0.501557,0.498438
2023.09.20-21.36.18,0.0,-249.839996,92.549995,0.462998,-0.534446,0.534446,0.462998
2023.09.20-21.36.18,0.0,-249.839996,92.549995,0.424968,-0.565157,0.565157,0.424967
2023.09.20-21.36.18,0.0,-249.839996,92.549995,0.37991,-0.596379,0.596379,0.37991
2023.09.20-21.36.18,0.0,-249.839996,92.549995,0.341153,-0.619366,0.619367,0.341153
2023.09.20-21.36.18,0.0,-249.839996,92.549995,0.312891,-0.634113,0.634113,0.312891
2023.09.20-21.36.18,0.0,-249.839996,92.549995,0.290403,-0.644722,0.644721,0.290404
2023.09.20-21.36.18,0.0,-249.839996,92.549995,0.277221,-0.650498,0.650498,0.277221
2023.09.20-21.36.18,0.0,-249.839996,92.549995,0.276519,-0.650797,0.650797,0.27652
2023.09.20-21.36.18,0.0,-249.839996,92.549995,0.258067,-0.658332,0.658332,0.258067
2023.09.20-21.36.18,0.0,-249.839996,92.549995,0.263253,-0.656276,0.656276,0.263253
2023.09.20-21.36.18,0.0,-249.839996,92.549995,0.25319,-0.660223,0.660223,0.25319
2023.09.20-21.36.18,0.0,-249.839996,92.549995,0.244926,-0.663333,0.663333,0.244926
2023.09.20-21.36.18,0.0,-249.839996,92.549995,0.241289,-0.664665,0.664665,0.241289
2023.09.20-21.36.18,0.0,-249.839996,92.549995,0.247192,-0.662492,0.662492,0.247192
2023.09.20-21.36.18,0.0,-249.839996,92.549995,0.259253,-0.657866,0.657866,0.259253
2023.09.20-21.36.18,0.0,-249.839996,92.549995,0.275831,-0.651089,0.651089,0.275831
2023.09.20-21.36.18,0.0,-249.839996,92.549995,0.294646,-0.642794,0.642794,0.294645
2023.09.20-21.36.18,0.0,-249.839996,92.549995,0.314792,-0.633171,0.633171,0.314792
2023.09.20-21.36.18,0.0,-249.839996,92.549995,0.350738,-0.613989,0.613989,0.350738
2023.09.20-21.36.18,0.0,-249.839996,92.549995,0.366502,-0.604712,0.604712,0.366502
2023.09.20-21.36.19,0.0,-249.839996,92.549995,0.381113,-0.595611,0.595611,0.381113
2023.09.20-21.36.19,0.0,-249.839996,92.549995,0.392955,-0.587866,0.587866,0.392955
2023.09.20-21.36.19,0.0,-249.839996,92.549995,0.402712,-0.581225,0.581225,0.402712
2023.09.20-21.36.19,0.0,-249.839996,92.549995,0.41345,-0.573637,0.573637,0.41345
2023.09.20-21.36.19,0.0,-249.839996,92.549995,0.42855,-0.562445,0.562445,0.42855
2023.09.20-21.36.19,0.0,-249.839996,92.549995,0.445002,-0.549521,0.549521,0.445002
2023.09.20-21.36.19,0.0,-249.839996,92.549995,0.463948,-0.533621,0.533621,0.463948
2023.09.20-21.36.19,0.0,-249.839996,92.549995,0.48498,-0.514582,0.514583,0.484979
2023.09.20-21.36.19,0.0,-249.839996,92.549995,0.492639,-0.507254,0.507256,0.492637
2023.09.20-21.36.19,0.0,-249.839996,92.549995,0.522491,-0.476448,0.476448,0.522491
2023.09.20-21.36.19,0.0,-249.839996,92.549995,0.539261,-0.457381,0.457381,0.539261
2023.09.20-21.36.19,0.0,-249.839996,92.549995,0.553648,-0.439856,0.439856,0.553648
2023.09.20-21.36.19,0.0,-249.839996,92.549995,0.566958,-0.422562,0.422562,0.566958
2023.09.20-21.36.19,0.0,-249.839996,92.549995,0.576987,-0.408761,0.408761,0.576987
2023.09.20-21.36.19,0.0,-249.839996,92.549995,0.587332,-0.393753,0.393753,0.587332
2023.09.20-21.36.19,0.0,-249.839996,92.549995,0.583261,-0.399758,0.399758,0.583261
2023.09.20-21.36.19,0.0,-249.839996,92.549995,0.592008,-0.386686,0.386686,0.592008
2023.09.20-21.36.19,0.0,-249.839996,92.549995,0.606385,-0.363726,0.363726,0.606385
2023.09.20-21.36.19,0.0,-249.839996,92.549995,0.605479,-0.365234,0.365234,0.605478
2023.09.20-21.36.19,0.0,-249.839996,92.549995,0.612183,-0.353881,0.353881,0.612183
2023.09.20-21.36.19,0.0,-249.839996,92.549995,0.61521,-0.348593,0.348593,0.61521
2023.09.20-21.36.19,0.0,-249.839996,92.549995,0.620472,-0.339138,0.339138,0.620472
2023.09.20-21.36.19,0.0,-249.839996,92.549995,0.624311,-0.332018,0.332018,0.624311
2023.09.20-21.36.19,0.0,-249.839996,92.549995,0.627975,-0.325035,0.325035,0.627975
2023.09.20-21.36.19,0.0,-249.839996,92.549995,0.631517,-0.318097,0.318097,0.631517
2023.09.20-21.36.19,0.0,-249.839996,92.549995,0.634177,-0.31276,0.31276,0.634177
2023.09.20-21.36.19,0.0,-249.839996,92.549995,0.634079,-0.312961,0.312961,0.634079
2023.09.20-21.36.19,0.0,-249.839996,92.549995,0.636451,-0.308106,0.308106,0.636451
2023.09.20-21.36.19,0.0,-249.839996,92.549995,0.636055,-0.308924,0.308924,0.636055
2023.09.20-21.36.19,0.0,-249.839996,92.549995,0.634495,-0.312115,0.312116,0.634495
2023.09.20-21.36.19,0.0,-249.839996,92.549995,0.632889,-0.31536,0.31536,0.632889
2023.09.20-21.36.19,0.0,-249.839996,92.549995,0.631173,-0.318781,0.318781,0.631173
2023.09.20-21.36.19,0.0,-249.839996,92.549995,0.626633,-0.327615,0.327615,0.626633
2023.09.20-21.36.19,0.0,-249.839996,92.549995,0.624915,-0.330879,0.330879,0.624915
2023.09.20-21.36.19,0.0,-249.839996,92.549995,0.621164,-0.337869,0.337869,0.621164
2023.09.20-21.36.19,0.0,-249.839996,92.549995,0.616193,-0.346852,0.346852,0.616193
2023.09.20-21.36.19,0.0,-249.839996,92.549995,0.609854,-0.35788,0.35788,0.609854
2023.09.20-21.36.19,0.0,-249.839996,92.549995,0.603151,-0.369065,0.369065,0.603151
2023.09.20-21.36.19,0.0,-249.839996,92.549995,0.59642,-0.379846,0.379846,0.59642
2023.09.20-21.36.19,0.0,-249.839996,92.549995,0.589404,-0.390645,0.390645,0.589404
2023.09.20-21.36.19,0.0,-249.839996,92.549995,0.582052,-0.401516,0.401516,0.582052
2023.09.20-21.36.19,0.0,-249.839996,92.549995,0.575378,-0.411023,0.411023,0.575378
2023.09.20-21.36.19,0.0,-249.839996,92.549995,0.568629,-0.420311,0.420311,0.568629
2023.09.20-21.36.19,0.0,-249.839996,92.549995,0.561372,-0.429955,0.429955,0.561372
2023.09.20-21.36.19,0.0,-249.839996,92.549995,0.55375,-0.439729,0.439729,0.55375
2023.09.20-21.36.19,0.0,-249.839996,92.549995,0.554007,-0.439405,0.439405,0.554007
2023.09.20-21.36.19,0.0,-249.839996,92.549995,0.550663,-0.443588,0.443589,0.550662
2023.09.20-21.36.19,0.0,-249.839996,92.549995,0.545359,-0.450092,0.450092,0.54536
2023.09.20-21.36.19,0.0,-249.839996,92.549995,0.542266,-0.453814,0.453813,0.542267
2023.09.20-21.36.19,0.0,-249.839996,92.549995,0.538366,-0.458435,0.458435,0.538366
2023.09.20-21.36.19,0.0,-249.839996,92.549995,0.534067,-0.463436,0.463436,0.534067
2023.09.20-21.36.19,0.0,-249.839996,92.549995,0.529595,-0.468539,0.468539,0.529595
2023.09.20-21.36.19,0.0,-249.839996,92.549995,0.527194,-0.471239,0.471239,0.527194
2023.09.20-21.36.19,0.0,-249.839996,92.549995,0.52412,-0.474656,0.474655,0.524121
2023.09.20-21.36.19,0.0,-249.839996,92.549995,0.526246,-0.472298,0.472298,0.526246
2023.09.20-21.36.19,0.0,-249.839996,92.549995,0.527834,-0.470523,0.470523,0.527834
2023.09.20-21.36.19,0.0,-249.839996,92.549995,0.53109,-0.466844,0.466844,0.53109
2023.09.20-21.36.19,0.0,-249.839996,92.549995,0.534191,-0.463293,0.463293,0.53419
2023.09.20-21.36.19,0.0,-249.839996,92.549995,0.536373,-0.460765,0.460765,0.536373
2023.09.20-21.36.19,0.0,-249.839996,92.549995,0.541562,-0.454655,0.454654,0.541562
2023.09.20-21.36.19,0.0,-249.839996,92.549995,0.54468,-0.450914,0.450914,0.54468
2023.09.20-21.36.19,0.0,-249.839996,92.549995,0.54845,-0.446322,0.446322,0.54845
2023.09.20-21.36.19,0.0,-249.839996,92.549995,0.551684,-0.442318,0.442318,0.551684
2023.09.20-21.36.19,0.0,-249.839996,92.549995,0.552411,-0.441409,0.441409,0.552411
2023.09.20-21.36.20,0.0,-249.839996,92.549995,0.550963,-0.443215,0.443215,0.550963
2023.09.20-21.36.20,0.0,-249.839996,92.549995,0.547109,-0.447964,0.447964,0.547109
2023.09.20-21.36.20,0.0,-249.839996,92.549995,0.541804,-0.454366,0.454366,0.541804
2023.09.20-21.36.20,0.0,-249.839996,92.549995,0.534328,-0.463134,0.463134,0.534328
2023.09.20-21.36.20,0.0,-249.839996,92.549995,0.530867,-0.467097,0.467097,0.530867
2023.09.20-21.36.20,0.0,-249.839996,92.549995,0.527347,-0.471069,0.471069,0.527347
2023.09.20-21.36.20,0.0,-249.839996,92.549995,0.525622,-0.472992,0.472993,0.525622
2023.09.20-21.36.20,0.0,-249.839996,92.549995,0.527025,-0.471429,0.471429,0.527025
2023.09.20-21.36.20,0.0,-249.839996,92.549995,0.527999,-0.470337,0.470337,0.527999
2023.09.20-21.36.20,0.0,-249.839996,92.549995,0.528167,-0.470149,0.470149,0.528167
2023.09.20-21.36.20,0.0,-249.839996,92.549995,0.527259,-0.471167,0.471167,0.527258
2023.09.20-21.36.20,0.0,-249.839996,92.549995,0.524955,-0.473732,0.473732,0.524955
2023.09.20-21.36.20,0.0,-249.839996,92.549995,0.520184,-0.478966,0.478966,0.520184
2023.09.20-21.36.20,0.0,-249.839996,92.549995,0.514495,-0.485072,0.485071,0.514496
2023.09.20-21.36.20,0.0,-249.839996,92.549995,0.511499,-0.48823,0.488229,0.5115
2023.09.20-21.36.20,0.0,-249.839996,92.549995,0.498265,-0.501729,0.501727,0.498267
2023.09.20-21.36.20,0.0,-249.839996,92.549995,0.493516,-0.506401,0.5064,0.493517
2023.09.20-21.36.20,0.0,-249.839996,92.549995,0.488145,-0.51158,0.51158,0.488145
2023.09.20-21.36.20,0.0,-249.839996,92.549995,0.485675,-0.513926,0.513926,0.485675
2023.09.20-21.36.20,0.0,-249.839996,92.549995,-0.478,0.521072,-0.521072,-0.477999
2023.09.20-21.36.20,0.0,-249.839996,92.549995,0.469147,-0.529057,0.529057,0.469146
2023.09.20-21.36.20,0.0,-249.839996,92.549995,0.45879,-0.538063,0.538062,0.458791
2023.09.20-21.36.20,0.0,-249.839996,92.549995,0.450909,-0.544684,0.544684,0.450909
2023.09.20-21.36.20,0.0,-249.839996,92.549995,0.441886,-0.55203,0.55203,0.441886
2023.09.20-21.36.20,0.0,-249.839996,92.549995,0.433261,-0.558825,0.558825,0.433261
2023.09.20-21.36.20,0.0,-249.839996,92.549995,0.426087,-0.564313,0.564314,0.426087
2023.09.20-21.36.20,0.0,-249.839996,92.549995,0.420842,-0.568236,0.568236,0.420842
2023.09.20-21.36.20,0.0,-249.839996,92.549995,0.420271,-0.568658,0.568659,0.420271
2023.09.20-21.36.20,0.0,-249.839996,92.549995,0.415642,-0.57205,0.57205,0.415642
2023.09.20-21.36.20,0.0,-249.839996,92.549995,0.410567,-0.575704,0.575704,0.410566
2023.09.20-21.36.20,0.0,-249.839996,92.549995,0.404377,-0.580068,0.580068,0.404377
2023.09.20-21.36.20,0.0,-249.839996,92.549995,0.397477,-0.584818,0.584818,0.397477
2023.09.20-21.36.20,0.0,-249.839996,92.549995,0.390645,-0.589403,0.589403,0.390645
2023.09.20-21.36.20,0.0,-249.839996,92.549995,0.384442,-0.593468,0.593468,0.384441
2023.09.20-21.36.20,0.0,-249.839996,92.549995,0.379752,-0.59648,0.59648,0.379752
2023.09.20-21.36.20,0.0,-249.839996,92.549995,0.37426,-0.599941,0.599941,0.37426
2023.09.20-21.36.20,0.0,-249.839996,92.549995,0.369213,-0.60306,0.60306,0.369213
2023.09.20-21.36.20,0.0,-249.839996,92.549995,0.364494,-0.605924,0.605924,0.364493
2023.09.20-21.36.20,0.0,-249.839996,92.549995,0.365569,-0.605276,0.605276,0.365569
2023.09.20-21.36.20,0.0,-249.839996,92.549995,0.367657,-0.60401,0.60401,0.367657
2023.09.20-21.36.20,0.0,-249.839996,92.549995,0.371033,-0.601942,0.601942,0.371033
2023.09.20-21.36.20,0.0,-249.839996,92.549995,0.372357,-0.601124,0.601124,0.372358
2023.09.20-21.36.20,0.0,-249.839996,92.549995,0.374543,-0.599765,0.599765,0.374542
2023.09.20-21.36.20,0.0,-249.839996,92.549995,0.376558,-0.598502,0.598502,0.376558
2023.09.20-21.36.20,0.0,-249.839996,92.549995,0.379855,-0.596414,0.596414,0.379855
2023.09.20-21.36.20,0.0,-249.839996,92.549995,0.388131,-0.591062,0.591062,0.388131
2023.09.20-21.36.20,0.0,-249.839996,92.549995,0.392582,-0.588115,0.588115,0.392582
2023.09.20-21.36.20,0.0,-249.839996,92.549995,0.403509,-0.580672,0.580672,0.403509
2023.09.20-21.36.20,0.0,-249.839996,92.549995,0.409395,-0.576537,0.576537,0.409396
2023.09.20-21.36.20,0.0,-249.839996,92.549995,0.415118,-0.57243,0.57243,0.415118
2023.09.20-21.36.20,0.0,-249.839996,92.549995,0.419412,-0.569292,0.569292,0.419411
2023.09.20-21.36.20,0.0,-249.839996,92.549995,0.424288,-0.565668,0.565668,0.424288
2023.09.20-21.36.20,0.0,-249.839996,92.549995,0.428927,-0.562158,0.562158,0.428927
2023.09.20-21.36.20,0.0,-249.839996,92.549995,0.430565,-0.560904,0.560904,0.430565
2023.09.20-21.36.20,0.0,-249.839996,92.549995,0.432753,-0.559218,0.559218,0.432753
2023.09.20-21.36.20,0.0,-249.839996,92.549995,0.432033,-0.559775,0.559775,0.432033
2023.09.20-21.36.20,0.0,-249.839996,92.549995,0.429397,-0.561799,0.561799,0.429397
2023.09.20-21.36.20,0.0,-249.839996,92.549995,0.42935,-0.561835,0.561835,0.42935
2023.09.20-21.36.20,0.0,-249.839996,92.549995,0.431037,-0.560542,0.560542,0.431037
2023.09.20-21.36.20,0.0,-249.839996,92.549995,0.43426,-0.558049,0.558049,0.43426
2023.09.20-21.36.20,0.0,-249.839996,92.549995,-0.438739,0.554534,-0.554534,-0.438738
2023.09.20-21.36.20,0.0,-249.839996,92.549995,0.441554,-0.552295,0.552295,0.441554
2023.09.20-21.36.20,0.0,-249.839996,92.549995,0.445918,-0.548778,0.548778,0.445918
2023.09.20-21.36.20,0.0,-249.839996,92.549995,0.451063,-0.544557,0.544557,0.451063
2023.09.20-21.36.21,0.0,-249.839996,92.549995,0.454934,-0.541327,0.541327,0.454934
2023.09.20-21.36.21,0.0,-249.839996,92.549995,0.459008,-0.537877,0.537877,0.459008
2023.09.20-21.36.21,0.0,-249.839996,92.549995,-0.465248,0.532488,-0.532488,-0.465248
2023.09.20-21.36.21,0.0,-249.839996,92.549995,-0.473085,0.525539,-0.525539,-0.473085
2023.09.20-21.36.21,0.0,-249.839996,92.549995,-0.479066,0.520092,-0.520092,-0.479066
2023.09.20-21.36.21,0.0,-249.839996,92.549995,-0.486335,0.513302,-0.513302,-0.486334
2023.09.20-21.36.21,0.0,-249.839996,92.549995,0.494925,-0.505023,0.505023,0.494926
2023.09.20-21.36.21,0.0,-249.839996,92.549995,0.5,-0.5,0.5,0.5
2023.09.20-21.36.21,0.0,-249.839996,92.549995,0.504812,-0.495141,0.495141,0.504812
2023.09.20-21.36.21,0.0,-249.839996,92.549995,0.507218,-0.492676,0.492676,0.507218
2023.09.20-21.36.21,0.0,-249.839996,92.549995,0.508846,-0.490995,0.490995,0.508845
2023.09.20-21.36.21,0.0,-249.839996,92.549995,0.508171,-0.491694,0.491693,0.508171
2023.09.20-21.36.21,0.0,-249.839996,92.549995,0.510135,-0.489655,0.489656,0.510134
2023.09.20-21.36.21,0.0,-249.839996,92.549995,0.511091,-0.488657,0.488656,0.511093
2023.09.20-21.36.21,0.0,-249.839996,92.549995,0.511007,-0.488745,0.488746,0.511007
2023.09.20-21.36.21,0.0,-249.839996,92.549995,0.508786,-0.491057,0.491056,0.508787
2023.09.20-21.36.21,0.0,-249.839996,92.549995,0.508638,-0.49121,0.49121,0.508638
2023.09.20-21.36.21,0.0,-249.839996,92.549995,0.508598,-0.491252,0.491252,0.508598
2023.09.20-21.36.21,0.0,-249.839996,92.549995,0.509181,-0.490648,0.490646,0.509182
2023.09.20-21.36.21,0.0,-249.839996,92.549995,0.507888,-0.491986,0.491985,0.507889
2023.09.20-21.36.21,0.0,-249.839996,92.549995,0.507317,-0.492575,0.492575,0.507317
2023.09.20-21.36.21,0.0,-249.839996,92.549995,0.506082,-0.493843,0.493843,0.506082
2023.09.20-21.36.21,0.0,-249.839996,92.549995,0.504367,-0.495594,0.495595,0.504366
2023.09.20-21.36.21,0.0,-249.839996,92.549995,0.50368,-0.496292,0.496291,0.503681
2023.09.20-21.36.21,0.0,-249.839996,92.549995,0.502851,-0.497132,0.497131,0.502853
2023.09.20-21.36.21,0.0,-249.839996,92.549995,0.502739,-0.497246,0.497247,0.502738
2023.09.20-21.36.21,0.0,-249.839996,92.549995,0.502575,-0.497412,0.497413,0.502573
2023.09.20-21.36.21,0.0,-249.839996,92.549995,0.501414,-0.498582,0.498577,0.501419
2023.09.20-21.36.21,0.0,-249.839996,92.549995,-0.497673,0.502316,-0.502318,-0.497671
2023.09.20-21.36.21,0.0,-249.839996,92.549995,-0.4897,0.510091,-0.510092,-0.4897
2023.09.20-21.36.21,0.0,-249.839996,92.549995,-0.484995,0.514567,-0.514568,-0.484995
2023.09.20-21.36.21,0.0,-249.839996,92.549995,0.477097,-0.521898,0.521898,0.477097
2023.09.20-21.36.21,0.0,-249.839996,92.549995,0.469694,-0.528571,0.528571,0.469694
2023.09.20-21.36.21,0.0,-249.839996,92.549995,0.461888,-0.535406,0.535406,0.461888
2023.09.20-21.36.21,0.0,-249.839996,92.549995,0.453931,-0.542168,0.542168,0.453931
2023.09.20-21.36.21,0.0,-249.839996,92.549995,0.446893,-0.547984,0.547984,0.446893
2023.09.20-21.36.21,0.0,-249.839996,92.549995,0.441563,-0.552288,0.552288,0.441563
2023.09.20-21.36.21,0.0,-249.839996,92.549995,-0.440975,0.552758,-0.552758,-0.440975
2023.09.20-21.36.21,0.0,-249.839996,92.549995,0.437353,-0.555628,0.555628,0.437353
2023.09.20-21.36.21,0.0,-249.839996,92.549995,-0.435286,0.557249,-0.557249,-0.435286
2023.09.20-21.36.21,0.0,-249.839996,92.549995,0.432129,-0.5597,0.5597,0.432129
2023.09.20-21.36.21,0.0,-249.839996,92.549995,0.431874,-0.559897,0.559897,0.431874
2023.09.20-21.36.21,0.0,-249.839996,92.549995,0.42477,-0.565306,0.565306,0.42477
2023.09.20-21.36.21,0.0,-249.839996,92.549995,0.420547,-0.568454,0.568454,0.420547
2023.09.20-21.36.21,0.0,-249.839996,92.549995,0.415612,-0.572072,0.572072,0.415612
2023.09.20-21.36.21,0.0,-249.839996,92.549995,0.411981,-0.574693,0.574693,0.411981
2023.09.20-21.36.21,0.0,-249.839996,92.549995,0.402315,-0.5815,0.5815,0.402315
2023.09.20-21.36.21,0.0,-249.839996,92.549995,0.391706,-0.588699,0.588699,0.391705
2023.09.20-21.36.21,0.0,-249.839996,92.549995,0.381562,-0.595323,0.595323,0.381562
2023.09.20-21.36.21,0.0,-249.839996,92.549995,0.374833,-0.599583,0.599583,0.374833
2023.09.20-21.36.21,0.0,-249.839996,92.549995,0.370924,-0.602009,0.602009,0.370924
2023.09.20-21.36.21,0.0,-249.839996,92.549995,0.365009,-0.605614,0.605614,0.365009
2023.09.20-21.36.21,0.0,-249.839996,92.549995,0.360449,-0.608339,0.608339,0.360449
2023.09.20-21.36.21,0.0,-249.839996,92.549995,0.357979,-0.609796,0.609796,0.357979
2023.09.20-21.36.21,0.0,-249.839996,92.549995,0.359157,-0.609103,0.609103,0.359157
2023.09.20-21.36.21,0.0,-249.839996,92.549995,0.357751,-0.60993,0.60993,0.35775
2023.09.20-21.36.21,0.0,-249.839996,92.549995,0.35945,-0.60893,0.60893,0.35945
2023.09.20-21.36.21,0.0,-249.839996,92.549995,0.363585,-0.60647,0.60647,0.363585
2023.09.20-21.36.21,0.0,-249.839996,92.549995,0.366351,-0.604803,0.604803,0.366351
2023.09.20-21.36.21,0.0,-249.839996,92.549995,0.370363,-0.602354,0.602354,0.370363
2023.09.20-21.36.21,0.0,-249.839996,92.549995,0.372167,-0.601242,0.601242,0.372167
2023.09.20-21.36.21,0.0,-249.839996,92.549995,0.374132,-0.600021,0.600021,0.374132
2023.09.20-21.36.21,0.0,-249.839996,92.549995,0.374776,-0.599619,0.599619,0.374776
2023.09.20-21.36.21,0.0,-249.839996,92.549995,0.376149,-0.598759,0.598759,0.376149
2023.09.20-21.36.22,0.0,-249.839996,92.549995,0.376601,-0.598475,0.598475,0.376601
2023.09.20-21.36.22,0.0,-249.839996,92.549995,0.375349,-0.599261,0.599261,0.375348
2023.09.20-21.36.22,0.0,-249.839996,92.549995,0.373934,-0.600144,0.600144,0.373934
2023.09.20-21.36.22,0.0,-249.839996,92.549995,0.373481,-0.600426,0.600426,0.373481
2023.09.20-21.36.22,0.0,-249.839996,92.549995,0.372508,-0.60103,0.60103,0.372508
2023.09.20-21.36.22,0.0,-249.839996,92.549995,0.371232,-0.60182,0.60182,0.371232
2023.09.20-21.36.22,0.0,-249.839996,92.549995,0.370464,-0.602292,0.602293,0.370464
2023.09.20-21.36.22,0.0,-249.839996,92.549995,0.370025,-0.602562,0.602562,0.370025
2023.09.20-21.36.22,0.0,-249.839996,92.549995,0.37178,-0.601481,0.601481,0.37178
2023.09.20-21.36.22,0.0,-249.839996,92.549995,0.375125,-0.599401,0.599401,0.375125
2023.09.20-21.36.22,0.0,-249.839996,92.549995,0.382734,-0.594571,0.594571,0.382734
2023.09.20-21.36.22,0.0,-249.839996,92.549995,0.392336,-0.588279,0.588279,0.392335
2023.09.20-21.36.22,0.0,-249.839996,92.549995,0.403143,-0.580926,0.580926,0.403143
2023.09.20-21.36.22,0.0,-249.839996,92.549995,0.41513,-0.572422,0.572422,0.41513
2023.09.20-21.36.22,0.0,-249.839996,92.549995,0.427362,-0.563348,0.563348,0.427362
2023.09.20-21.36.22,0.0,-249.839996,92.549995,-0.436065,0.55664,-0.55664,-0.436064
2023.09.20-21.36.22,0.0,-249.839996,92.549995,0.444413,-0.549998,0.549997,0.444413
2023.09.20-21.36.22,0.0,-249.839996,92.549995,0.453344,-0.542659,0.542659,0.453344
2023.09.20-21.36.22,0.0,-249.839996,92.549995,0.459803,-0.537197,0.537197,0.459803
2023.09.20-21.36.22,0.0,-249.839996,92.549995,-0.464986,0.532718,-0.532717,-0.464986
2023.09.20-21.36.22,0.0,-249.839996,92.549995,-0.47054,0.527818,-0.527818,-0.47054
2023.09.20-21.36.22,0.0,-249.839996,92.549995,0.474189,-0.524542,0.524542,0.474189
2023.09.20-21.36.22,0.0,-249.839996,92.549995,0.471031,-0.52738,0.527379,0.471032
2023.09.20-21.36.22,0.0,-249.839996,92.549995,-0.472953,0.525657,-0.525656,-0.472954
2023.09.20-21.36.22,0.0,-249.839996,92.549995,0.469895,-0.528393,0.528393,0.469895
2023.09.20-21.36.22,0.0,-249.839996,92.549995,0.470707,-0.527669,0.527669,0.470707
2023.09.20-21.36.22,0.0,-249.839996,92.549995,0.466642,-0.531268,0.531268,0.466641
2023.09.20-21.36.22,0.0,-249.839996,92.549995,0.456256,-0.540213,0.540213,0.456257
2023.09.20-21.36.22,0.0,-249.839996,92.549995,0.440456,-0.553171,0.553171,0.440456
2023.09.20-21.36.22,0.0,-249.839996,92.549995,0.422872,-0.566727,0.566727,0.422872
2023.09.20-21.36.22,0.0,-249.839996,92.549995,0.402749,-0.581199,0.581199,0.402749
2023.09.20-21.36.22,0.0,-249.839996,92.549995,0.380959,-0.59571,0.59571,0.380959
2023.09.20-21.36.22,0.0,-249.839996,92.549995,0.365695,-0.6052,0.6052,0.365695
2023.09.20-21.36.22,0.0,-249.839996,92.549995,0.354716,-0.6117,0.6117,0.354716
2023.09.20-21.36.22,0.0,-249.839996,92.549995,0.355339,-0.611338,0.611338,0.355339
2023.09.20-21.36.22,0.0,-249.839996,92.549995,0.367559,-0.604069,0.604069,0.36756
2023.09.20-21.36.22,0.0,-249.839996,92.549995,0.385973,-0.592473,0.592474,0.385973
2023.09.20-21.36.22,0.0,-249.839996,92.549995,0.409438,-0.576507,0.576507,0.409438
2023.09.20-21.36.22,0.0,-249.839996,92.549995,0.440416,-0.553203,0.553203,0.440416
2023.09.20-21.36.22,0.0,-249.839996,92.549995,0.450932,-0.544665,0.544666,0.450932
2023.09.20-21.36.22,0.0,-249.839996,92.549995,0.459708,-0.537279,0.537279,0.459708
2023.09.20-21.36.22,0.0,-249.839996,92.549995,0.466382,-0.531496,0.531496,0.466382
2023.09.20-21.36.22,0.0,-249.839996,92.549995,0.456706,-0.539832,0.539833,0.456706
2023.09.20-21.36.22,0.0,-249.839996,92.549995,0.461141,-0.53605,0.53605,0.461141
2023.09.20-21.36.22,0.0,-249.839996,92.549995,0.463508,-0.534004,0.534004,0.463508
2023.09.20-21.36.22,0.0,-249.839996,92.549995,0.46102,-0.536154,0.536154,0.46102
2023.09.20-21.36.22,0.0,-249.839996,92.549995,0.456907,-0.539663,0.539662,0.456907
2023.09.20-21.36.22,0.0,-249.839996,92.549995,-0.446143,0.548595,-0.548595,-0.446143
2023.09.20-21.36.22,0.0,-249.839996,92.549995,0.439132,-0.554223,0.554223,0.439131
2023.09.20-21.36.22,0.0,-249.839996,92.549995,0.434547,-0.557825,0.557825,0.434547
2023.09.20-21.36.22,0.0,-249.839996,92.549995,0.432015,-0.559788,0.559788,0.432015
2023.09.20-21.36.22,0.0,-249.839996,92.549995,0.431009,-0.560563,0.560563,0.431009
2023.09.20-21.36.22,0.0,-249.839996,92.549995,0.428039,-0.562835,0.562835,0.428039
2023.09.20-21.36.22,0.0,-249.839996,92.549995,0.422034,-0.567351,0.567351,0.422034
2023.09.20-21.36.22,0.0,-249.839996,92.549995,0.415725,-0.57199,0.57199,0.415725
2023.09.20-21.36.22,0.0,-249.839996,92.549995,0.412321,-0.574449,0.574449,0.412321
2023.09.20-21.36.22,0.0,-249.839996,92.549995,0.410529,-0.575731,0.575731,0.410528
2023.09.20-21.36.22,0.0,-249.839996,92.549995,0.416923,-0.571118,0.571118,0.416923
2023.09.20-21.36.22,0.0,-249.839996,92.549995,0.438366,-0.554829,0.554829,0.438366
2023.09.20-21.36.22,0.0,-249.839996,92.549995,0.453539,-0.542496,0.542496,0.453539
2023.09.20-21.36.22,0.0,-249.839996,92.549995,0.469286,-0.528933,0.528933,0.469286
2023.09.20-21.36.22,0.0,-249.839996,92.549995,-0.480661,0.518618,-0.518618,-0.480661
2023.09.20-21.36.22,0.0,-249.839996,92.549995,0.488774,-0.51098,0.510979,0.488774
2023.09.20-21.36.22,0.0,-249.839996,92.549995,-0.499192,0.500807,-0.500811,-0.499187
2023.09.20-21.36.23,0.0,-249.839996,92.549995,0.507487,-0.492399,0.4924,0.507487
2023.09.20-21.36.23,0.0,-249.839996,92.549995,0.530689,-0.4673,0.4673,0.530689
2023.09.20-21.36.23,0.0,-249.839996,92.549995,0.56279,-0.428097,0.428097,0.56279
2023.09.20-21.36.23,0.0,-249.839996,92.549995,0.572163,-0.415487,0.415487,0.572163
2023.09.20-21.36.23,0.0,-249.839996,92.549995,0.586711,-0.394678,0.394678,0.586711
2023.09.20-21.36.23,0.0,-249.839996,92.549995,0.600856,-0.372789,0.372789,0.600856
2023.09.20-21.36.23,0.0,-249.839996,92.549995,0.611898,-0.354374,0.354374,0.611898
2023.09.20-21.36.23,0.0,-249.839996,92.549995,0.622549,-0.33531,0.33531,0.622549
2023.09.20-21.36.23,0.0,-249.839996,92.549995,0.634827,-0.31144,0.31144,0.634827
2023.09.20-21.36.23,0.0,-249.839996,92.549995,0.649185,-0.280284,0.280284,0.649185
2023.09.20-21.36.23,0.0,-249.839996,92.549995,0.662881,-0.246148,0.246148,0.662881
2023.09.20-21.36.23,0.0,-249.839996,92.549995,0.671801,-0.220643,0.220643,0.671801
2023.09.20-21.36.23,0.0,-249.839996,92.549995,0.675946,-0.207598,0.207598,0.675946
2023.09.20-21.36.23,0.0,-249.839996,92.549995,0.682335,-0.185522,0.185522,0.682335
2023.09.20-21.36.23,0.0,-249.839996,92.549995,0.689124,-0.158455,0.158455,0.689124
2023.09.20-21.36.23,0.0,-249.839996,92.549995,0.695087,-0.129821,0.129821,0.695087
2023.09.20-21.36.23,0.0,-249.839996,92.549995,0.698046,-0.112837,0.112837,0.698046
2023.09.20-21.36.23,0.0,-249.839996,92.549995,0.697605,-0.115527,0.115527,0.697605
2023.09.20-21.36.23,0.0,-249.839996,92.549995,0.698843,-0.107786,0.107787,0.698843
2023.09.20-21.36.23,0.0,-249.839996,92.549995,0.698821,-0.10793,0.10793,0.698821
2023.09.20-21.36.23,0.0,-249.839996,92.549995,0.697197,-0.117967,0.117967,0.697197
2023.09.20-21.36.23,0.0,-249.839996,92.549995,0.696975,-0.119275,0.119275,0.696974
2023.09.20-21.36.23,0.0,-249.839996,92.549995,0.693357,-0.138769,0.138769,0.693356
2023.09.20-21.36.23,0.0,-249.839996,92.549995,0.692127,-0.144778,0.144778,0.692127
2023.09.20-21.36.23,0.0,-249.839996,92.549995,0.689377,-0.157351,0.157351,0.689377
2023.09.20-21.36.23,0.0,-249.839996,92.549995,0.68675,-0.168447,0.168447,0.68675
2023.09.20-21.36.23,0.0,-249.839996,92.549995,0.684696,-0.176612,0.176612,0.684696
2023.09.20-21.36.23,0.0,-249.839996,92.549995,0.68227,-0.185761,0.185761,0.68227
2023.09.20-21.36.23,0.0,-249.839996,92.549995,0.678709,-0.198377,0.198377,0.678709
2023.09.20-21.36.23,0.0,-249.839996,92.549995,0.678229,-0.200014,0.200014,0.678229
2023.09.20-21.36.23,0.0,-249.839996,92.549995,0.678196,-0.200124,0.200124,0.678196
2023.09.20-21.36.23,0.0,-249.839996,92.549995,0.677898,-0.201134,0.201134,0.677897
2023.09.20-21.36.23,0.0,-249.839996,92.549995,0.678726,-0.198321,0.198321,0.678726
2023.09.20-21.36.23,0.0,-249.839996,92.549995,0.679575,-0.195393,0.195393,0.679575
2023.09.20-21.36.23,0.0,-249.839996,92.549995,0.680309,-0.192821,0.192821,0.680309
2023.09.20-21.36.23,0.0,-249.839996,92.549995,0.680942,-0.190574,0.190574,0.680942
2023.09.20-21.36.23,0.0,-249.839996,92.549995,0.681423,-0.188846,0.188846,0.681423
2023.09.20-21.36.23,0.0,-249.839996,92.549995,0.681208,-0.189619,0.189619,0.681208
2023.09.20-21.36.23,0.0,-249.839996,92.549995,0.6811,-0.190008,0.190008,0.6811
2023.09.20-21.36.23,0.0,-249.839996,92.549995,0.680999,-0.190368,0.190368,0.680999
2023.09.20-21.36.23,0.0,-249.839996,92.549995,0.681656,-0.188002,0.188003,0.681656
2023.09.20-21.36.23,0.0,-249.839996,92.549995,0.683536,-0.181047,0.181047,0.683536
2023.09.20-21.36.23,0.0,-249.839996,92.549995,0.685948,-0.171685,0.171685,0.685948
2023.09.20-21.36.23,0.0,-249.839996,92.549995,0.687504,-0.165344,0.165344,0.687504
2023.09.20-21.36.23,0.0,-249.839996,92.549995,0.689961,-0.154771,0.154771,0.689961
2023.09.20-21.36.23,0.0,-249.839996,92.549995,0.694159,-0.134695,0.134695,0.694159
2023.09.20-21.36.23,0.0,-249.839996,92.549995,0.698279,-0.111384,0.111384,0.698279
2023.09.20-21.36.23,0.0,-249.839996,92.549995,0.700931,-0.09325,0.09325,0.700931
2023.09.20-21.36.23,0.0,-249.839996,92.549995,0.702969,-0.076381,0.076381,0.702969
2023.09.20-21.36.23,0.0,-249.839996,92.549995,0.704427,-0.061506,0.061506,0.704427
2023.09.20-21.36.23,0.0,-249.839996,92.549995,0.70541,-0.048951,0.048951,0.70541
2023.09.20-21.36.23,0.0,-249.839996,92.549995,0.706403,-0.031542,0.031542,0.706403
2023.09.20-21.36.23,0.0,-249.839996,92.549995,0.706807,-0.020602,0.020602,0.706806
2023.09.20-21.36.23,0.0,-249.839996,92.549995,0.706974,-0.013699,0.013699,0.706974
2023.09.20-21.36.23,0.0,-249.839996,92.549995,0.707019,-0.011143,0.011143,0.707019
2023.09.20-21.36.23,0.0,-249.839996,92.549995,0.706891,-0.017478,0.017478,0.706891
2023.09.20-21.36.23,0.0,-249.839996,92.549995,0.706529,-0.028581,0.028581,0.706529
2023.09.20-21.36.23,0.0,-249.839996,92.549995,0.705956,-0.040319,0.040319,0.705956
2023.09.20-21.36.23,0.0,-249.839996,92.549995,0.705936,-0.040674,0.040674,0.705936
2023.09.20-21.36.23,0.0,-249.839996,92.549995,0.705726,-0.044174,0.044174,0.705726
2023.09.20-21.36.23,0.0,-249.839996,92.549995,0.705295,-0.050588,0.050588,0.705295
2023.09.20-21.36.23,0.0,-249.839996,92.549995,0.704154,-0.064549,0.064549,0.704154
2023.09.20-21.36.24,0.0,-249.839996,92.549995,0.701918,-0.085506,0.085506,0.701918
2023.09.20-21.36.24,0.0,-249.839996,92.549995,0.700224,-0.098422,0.098422,0.700224
2023.09.20-21.36.24,0.0,-249.839996,92.549995,0.698595,-0.109385,0.109385,0.698595
2023.09.20-21.36.24,0.0,-249.839996,92.549995,0.698189,-0.111945,0.111945,0.698189
2023.09.20-21.36.24,0.0,-249.839996,92.549995,0.696458,-0.122256,0.122256,0.696458
2023.09.20-21.36.24,0.0,-249.839996,92.549995,0.694652,-0.132128,0.132128,0.694652
2023.09.20-21.36.24,0.0,-249.839996,92.549995,0.692531,-0.142831,0.142831,0.692531
2023.09.20-21.36.24,0.0,-249.839996,92.549995,0.689299,-0.157691,0.157691,0.689299
2023.09.20-21.36.24,0.0,-249.839996,92.549995,0.683976,-0.179378,0.179378,0.683976
2023.09.20-21.36.24,0.0,-249.839996,92.549995,0.679381,-0.196065,0.196065,0.679381
2023.09.20-21.36.24,0.0,-249.839996,92.549995,0.675337,-0.209571,0.209571,0.675337
2023.09.20-21.36.24,0.0,-249.839996,92.549995,0.671746,-0.220812,0.220812,0.671745
2023.09.20-21.36.24,0.0,-249.839996,92.549995,0.66737,-0.233705,0.233705,0.66737
2023.09.20-21.36.24,0.0,-249.839996,92.549995,0.660862,-0.251518,0.251518,0.660862
2023.09.20-21.36.24,0.0,-249.839996,92.549995,0.650361,-0.277544,0.277544,0.650361
2023.09.20-21.36.24,0.0,-249.839996,92.549995,0.639428,-0.301881,0.301881,0.639428
2023.09.20-21.36.24,0.0,-249.839996,92.549995,0.629218,-0.322621,0.322621,0.629218
2023.09.20-21.36.24,0.0,-249.839996,92.549995,0.620155,-0.339717,0.339717,0.620155
2023.09.20-21.36.24,0.0,-249.839996,92.549995,0.611564,-0.354951,0.354951,0.611564
2023.09.20-21.36.24,0.0,-249.839996,92.549995,0.605101,-0.365858,0.365858,0.605101
2023.09.20-21.36.24,0.0,-249.839996,92.549995,0.597753,-0.377745,0.377745,0.597753
2023.09.20-21.36.24,0.0,-249.839996,92.549995,0.590431,-0.38909,0.38909,0.590431
2023.09.20-21.36.24,0.0,-249.839996,92.549995,0.584862,-0.397412,0.397412,0.584862
2023.09.20-21.36.24,0.0,-249.839996,92.549995,0.576917,-0.40886,0.40886,0.576917
2023.09.20-21.36.24,0.0,-249.839996,92.549995,0.569464,-0.419179,0.419179,0.569464
2023.09.20-21.36.24,0.0,-249.839996,92.549995,0.562346,-0.428681,0.428681,0.562346
2023.09.20-21.36.24,0.0,-249.839996,92.549995,0.567714,-0.421545,0.421545,0.567715
2023.09.20-21.36.24,0.0,-249.839996,92.549995,0.561059,-0.430364,0.430364,0.561059
2023.09.20-21.36.24,0.0,-249.839996,92.549995,0.552492,-0.441307,0.441307,0.552492
2023.09.20-21.36.24,0.0,-249.839996,92.549995,0.540973,-0.455355,0.455355,0.540973
2023.09.20-21.36.24,0.0,-249.839996,92.549995,0.53202,-0.465784,0.465784,0.53202
2023.09.20-21.36.24,0.0,-249.839996,92.549995,0.526956,-0.471505,0.471505,0.526957
2023.09.20-21.36.24,0.0,-249.839996,92.549995,0.520515,-0.478606,0.478606,0.520515
2023.09.20-21.36.24,0.0,-249.839996,92.549995,0.514919,-0.484622,0.484622,0.514919
2023.09.20-21.36.24,0.0,-249.839996,92.549995,0.509477,-0.490339,0.490339,0.509477
2023.09.20-21.36.24,0.0,-249.839996,92.549995,0.505273,-0.494671,0.49467,0.505274
2023.09.20-21.36.24,0.0,-249.839996,92.549995,0.503633,-0.49634,0.496337,0.503636
2023.09.20-21.36.24,0.0,-249.839996,92.549995,0.510494,-0.489281,0.48928,0.510494
2023.09.20-21.36.24,0.0,-249.839996,92.549995,0.513397,-0.486234,0.486234,0.513397
2023.09.20-21.36.24,0.0,-249.839996,92.549995,0.515167,-0.484359,0.484358,0.515167
2023.09.20-21.36.24,0.0,-249.839996,92.549995,0.515507,-0.483996,0.483995,0.515508
2023.09.20-21.36.24,0.0,-249.839996,92.549995,0.516344,-0.483103,0.483103,0.516344
2023.09.20-21.36.24,0.0,-249.839996,92.549995,0.517372,-0.482003,0.482002,0.517372
2023.09.20-21.36.24,0.0,-249.839996,92.549995,0.519191,-0.480042,0.480042,0.519191
2023.09.20-21.36.24,0.0,-249.839996,92.549995,0.521827,-0.477176,0.477175,0.521827
2023.09.20-21.36.24,0.0,-249.839996,92.549995,0.526068,-0.472495,0.472495,0.526069
2023.09.20-21.36.24,0.0,-249.839996,92.549995,0.526969,-0.471491,0.471491,0.526969
2023.09.20-21.36.24,0.0,-249.839996,92.549995,0.526224,-0.472322,0.472321,0.526225
2023.09.20-21.36.24,0.0,-249.839996,92.549995,0.524431,-0.474312,0.474312,0.524431
2023.09.20-21.36.24,0.0,-249.839996,92.549995,0.524055,-0.474728,0.474727,0.524055
2023.09.20-21.36.24,0.0,-249.839996,92.549995,0.526184,-0.472366,0.472366,0.526184
2023.09.20-21.36.24,0.0,-249.839996,92.549995,0.527073,-0.471375,0.471375,0.527073
2023.09.20-21.36.24,0.0,-249.839996,92.549995,0.528733,-0.469512,0.469512,0.528733
2023.09.20-21.36.24,0.0,-249.839996,92.549995,0.530862,-0.467103,0.467103,0.530862
2023.09.20-21.36.24,0.0,-249.839996,92.549995,0.53236,-0.465395,0.465395,0.53236
2023.09.20-21.36.24,0.0,-249.839996,92.549995,0.53365,-0.463916,0.463915,0.53365
2023.09.20-21.36.24,0.0,-249.839996,92.549995,0.526231,-0.472314,0.472314,0.526231
2023.09.20-21.36.24,0.0,-249.839996,92.549995,0.526118,-0.47244,0.47244,0.526118
2023.09.20-21.36.24,0.0,-249.839996,92.549995,0.535284,-0.462029,0.462029,0.535284
2023.09.20-21.36.24,0.0,-249.839996,92.549995,0.546387,-0.448844,0.448844,0.546387
2023.09.20-21.36.24,0.0,-249.839996,92.549995,0.564546,-0.425779,0.425779,0.564546
2023.09.20-21.36.24,0.0,-249.839996,92.549995,0.581976,-0.401627,0.401627,0.581976
2023.09.20-21.36.24,0.0,-249.839996,92.549995,0.598056,-0.377266,0.377266,0.598056
2023.09.20-21.36.24,0.0,-249.839996,92.549995,0.618989,-0.341838,0.341838,0.618988
2023.09.20-21.36.25,0.0,-249.839996,92.549995,0.632837,-0.315463,0.315463,0.632837
2023.09.20-21.36.25,0.0,-249.839996,92.549995,0.651838,-0.274056,0.274056,0.651838
2023.09.20-21.36.25,0.0,-249.839996,92.549995,0.678596,-0.198764,0.198764,0.678596
2023.09.20-21.36.25,0.0,-249.839996,92.549995,0.702753,-0.078343,0.078343,0.702753
2023.09.20-21.36.25,0.0,-249.839996,92.549995,0.70622,-0.035397,0.035397,0.70622
2023.09.20-21.36.25,0.0,-249.839996,92.549995,0.701333,0.090181,-0.090181,0.701333
2023.09.20-21.36.25,0.0,-249.839996,92.549995,0.697161,0.118181,-0.118181,0.697161
2023.09.20-21.36.25,0.0,-249.839996,92.549995,0.676389,0.206151,-0.206151,0.676389
2023.09.20-21.36.25,0.0,-249.839996,92.549995,0.640884,0.298778,-0.298778,0.640884
2023.09.20-21.36.25,0.0,-249.839996,92.549995,0.586006,0.395724,-0.395724,0.586006
2023.09.20-21.36.25,0.0,-249.839996,92.549995,0.522447,0.476496,-0.476497,0.522447
2023.09.20-21.36.25,0.0,-249.839996,92.549995,-0.438274,-0.554902,0.554902,-0.438274
2023.09.20-21.36.25,0.0,-249.839996,92.549995,-0.354899,-0.611593,0.611593,-0.354899
2023.09.20-21.36.25,0.0,-249.839996,92.549995,-0.26348,-0.656184,0.656184,-0.263481
2023.09.20-21.36.25,0.0,-249.839996,92.549995,-0.184926,-0.682497,0.682497,-0.184926
2023.09.20-21.36.25,0.0,-249.839996,92.549995,-0.184926,-0.682497,0.682497,-0.184926
2023.09.20-21.36.25,0.0,-249.839996,92.549995,-0.184926,-0.682497,0.682497,-0.184926
2023.09.20-21.36.25,0.0,-249.839996,92.549995,-0.184926,-0.682497,0.682497,-0.184926
2023.09.20-21.36.25,0.0,-249.839996,92.549995,-0.184926,-0.682497,0.682497,-0.184926
2023.09.20-21.36.25,0.0,-249.839996,92.549995,-0.190112,-0.681071,0.681071,-0.190112
2023.09.20-21.36.25,0.0,-249.839996,92.549995,-0.190112,-0.681071,0.681071,-0.190112
2023.09.20-21.36.25,0.0,-249.839996,92.549995,-0.190112,-0.681071,0.681071,-0.190112
2023.09.20-21.36.25,0.0,-249.839996,92.549995,-0.186631,-0.682033,0.682033,-0.186631
2023.09.20-21.36.25,0.0,-249.839996,92.549995,-0.193613,-0.680084,0.680084,-0.193613
2023.09.20-21.36.25,0.0,-249.839996,92.549995,-0.201787,-0.677703,0.677703,-0.201787
2023.09.20-21.36.25,0.0,-249.839996,92.549995,-0.214551,-0.673771,0.673771,-0.214551
2023.09.20-21.36.25,0.0,-249.839996,92.549995,-0.266127,-0.655115,0.655115,-0.266127
2023.09.20-21.36.25,0.0,-249.839996,92.549995,-0.281643,-0.648596,0.648596,-0.281643
2023.09.20-21.36.25,0.0,-249.839996,92.549995,-0.304515,-0.638177,0.638177,-0.304516
2023.09.20-21.36.25,0.0,-249.839996,92.549995,-0.365203,-0.605497,0.605497,-0.365203
2023.09.20-21.36.25,0.0,-249.839996,92.549995,-0.398738,-0.583959,0.583959,-0.398738
2023.09.20-21.36.25,0.0,-249.839996,92.549995,-0.438819,-0.55447,0.55447,-0.438819
2023.09.20-21.36.25,0.0,-249.839996,92.549995,-0.469868,-0.528417,0.528417,-0.469868
2023.09.20-21.36.25,0.0,-249.839996,92.549995,0.500436,0.499564,-0.499555,0.500444
2023.09.20-21.36.25,0.0,-249.839996,92.549995,0.529534,0.468608,-0.468608,0.529534
2023.09.20-21.36.25,0.0,-249.839996,92.549995,0.557449,0.435029,-0.435029,0.557449
2023.09.20-21.36.25,0.0,-249.839996,92.549995,0.581563,0.402225,-0.402225,0.581563
2023.09.20-21.36.25,0.0,-249.839996,92.549995,0.600972,0.372603,-0.372603,0.600972
2023.09.20-21.36.25,0.0,-249.839996,92.549995,0.620709,0.338704,-0.338705,0.620709
2023.09.20-21.36.25,0.0,-249.839996,92.549995,0.620466,0.339149,-0.339149,0.620466
2023.09.20-21.36.25,0.0,-249.839996,92.549995,0.637066,0.306833,-0.306833,0.637066
2023.09.20-21.36.25,0.0,-249.839996,92.549995,0.665531,0.238891,-0.238891,0.66553
2023.09.20-21.36.25,0.0,-249.839996,92.549995,0.677587,0.202179,-0.202179,0.677587
2023.09.20-21.36.25,0.0,-249.839996,92.549995,0.687806,0.164082,-0.164082,0.687806
2023.09.20-21.36.25,0.0,-249.839996,92.549995,0.698351,0.110933,-0.110933,0.698351
2023.09.20-21.36.25,0.0,-249.839996,92.549995,0.705382,0.049353,-0.049353,0.705382
2023.09.20-21.36.25,0.0,-249.839996,92.549995,0.706203,0.035747,-0.035747,0.706203
2023.09.20-21.36.25,0.0,-249.839996,92.549995,0.706875,-0.018109,0.018109,0.706875
2023.09.20-21.36.25,0.0,-249.839996,92.549995,0.704743,-0.05777,0.05777,0.704743
2023.09.20-21.36.25,0.0,-249.839996,92.549995,0.697943,-0.113468,0.113468,0.697943
2023.09.20-21.36.25,0.0,-249.839996,92.549995,0.689371,-0.157376,0.157376,0.689371
2023.09.20-21.36.25,0.0,-249.839996,92.549995,0.681132,-0.189894,0.189894,0.681131
2023.09.20-21.36.25,0.0,-249.839996,92.549995,0.672337,-0.219004,0.219004,0.672337
2023.09.20-21.36.25,0.0,-249.839996,92.549995,0.660421,-0.252675,0.252675,0.660421
2023.09.20-21.36.25,0.0,-249.839996,92.549995,0.645746,-0.288117,0.288117,0.645746
2023.09.20-21.36.25,0.0,-249.839996,92.549995,0.626586,-0.327703,0.327703,0.626586
2023.09.20-21.36.25,0.0,-249.839996,92.549995,0.606394,-0.363712,0.363712,0.606394
2023.09.20-21.36.25,0.0,-249.839996,92.549995,0.586891,-0.39441,0.39441,0.58689
2023.09.20-21.36.25,0.0,-249.839996,92.549995,0.569303,-0.419397,0.419397,0.569303
2023.09.20-21.36.25,0.0,-249.839996,92.549995,0.565768,-0.424153,0.424153,0.565768
2023.09.20-21.36.25,0.0,-249.839996,92.549995,0.547062,-0.448021,0.448021,0.547062
2023.09.20-21.36.25,0.0,-249.839996,92.549995,0.530986,-0.466963,0.466963,0.530985
2023.09.20-21.36.25,0.0,-249.839996,92.549995,0.513509,-0.486116,0.486116,0.513509
2023.09.20-21.36.25,0.0,-249.839996,92.549995,0.5225,-0.476439,0.476439,0.5225
2023.09.20-21.36.26,0.0,-249.839996,92.549995,0.501727,-0.498267,0.498265,0.501729
2023.09.20-21.36.26,0.0,-249.839996,92.549995,0.50892,-0.490918,0.490918,0.50892
2023.09.20-21.36.26,0.0,-249.839996,92.549995,0.503406,-0.49657,0.49657,0.503406
2023.09.20-21.36.26,0.0,-249.839996,92.549995,0.509002,-0.490833,0.490832,0.509003
2023.09.20-21.36.26,0.0,-249.839996,92.549995,0.523692,-0.475128,0.475128,0.523692
2023.09.20-21.36.26,0.0,-249.839996,92.549995,0.533631,-0.463938,0.463938,0.533631
2023.09.20-21.36.26,0.0,-249.839996,92.549995,0.541016,-0.455303,0.455303,0.541016
2023.09.20-21.36.26,0.0,-249.839996,92.549995,0.541435,-0.454806,0.454806,0.541435
2023.09.20-21.36.26,0.0,-249.839996,92.549995,0.543864,-0.451898,0.451898,0.543864
2023.09.20-21.36.26,0.0,-249.839996,92.549995,0.550418,-0.443892,0.443892,0.550418
2023.09.20-21.36.26,0.0,-249.839996,92.549995,0.564688,-0.42559,0.42559,0.564688
2023.09.20-21.36.26,0.0,-249.839996,92.549995,0.591865,-0.386905,0.386905,0.591865
2023.09.20-21.36.26,0.0,-249.839996,92.549995,0.629723,-0.321634,0.321634,0.629723
2023.09.20-21.36.26,0.0,-249.839996,92.549995,0.648001,-0.28301,0.28301,0.648001
2023.09.20-21.36.26,0.0,-249.839996,92.549995,0.663384,-0.24479,0.24479,0.663384
2023.09.20-21.36.26,0.0,-249.839996,92.549995,0.675997,-0.207432,0.207432,0.675997
2023.09.20-21.36.26,0.0,-249.839996,92.549995,0.685606,-0.173046,0.173046,0.685606
2023.09.20-21.36.26,0.0,-249.839996,92.549995,0.693286,-0.139119,0.139119,0.693286
2023.09.20-21.36.26,0.0,-249.839996,92.549995,0.699853,-0.101024,0.101024,0.699853
2023.09.20-21.36.26,0.0,-249.839996,92.549995,0.704495,-0.060723,0.060723,0.704495
2023.09.20-21.36.26,0.0,-249.839996,92.549995,0.706852,-0.018966,0.018966,0.706852
2023.09.20-21.36.26,0.0,-249.839996,92.549995,0.706996,0.012513,-0.012513,0.706996
2023.09.20-21.36.26,0.0,-249.839996,92.549995,0.7067,0.023986,-0.023986,0.7067
2023.09.20-21.36.26,0.0,-249.839996,92.549995,0.706498,0.029326,-0.029326,0.706498
2023.09.20-21.36.26,0.0,-249.839996,92.549995,0.706966,0.014086,-0.014086,0.706966
2023.09.20-21.36.26,0.0,-249.839996,92.549995,0.707106,-0.001146,0.001146,0.707106
2023.09.20-21.36.26,0.0,-249.839996,92.549995,0.705801,-0.042958,0.042958,0.705801
2023.09.20-21.36.26,0.0,-249.839996,92.549995,0.704543,-0.060164,0.060164,0.704543
2023.09.20-21.36.26,0.0,-249.839996,92.549995,0.700471,-0.096649,0.096649,0.70047
2023.09.20-21.36.26,0.0,-249.839996,92.549995,0.695759,-0.126172,0.126172,0.695759
2023.09.20-21.36.26,0.0,-249.839996,92.549995,0.693564,-0.137729,0.137729,0.693564
2023.09.20-21.36.26,0.0,-249.839996,92.549995,0.690766,-0.151137,0.151137,0.690766
2023.09.20-21.36.26,0.0,-249.839996,92.549995,0.687156,-0.166782,0.166782,0.687156
2023.09.20-21.36.26,0.0,-249.839996,92.549995,0.683969,-0.179406,0.179406,0.683969
2023.09.20-21.36.26,0.0,-249.839996,92.549995,0.680328,-0.192754,0.192754,0.680328
2023.09.20-21.36.26,0.0,-249.839996,92.549995,0.676563,-0.205578,0.205578,0.676563
2023.09.20-21.36.26,0.0,-249.839996,92.549995,0.672254,-0.219259,0.219259,0.672254
2023.09.20-21.36.26,0.0,-249.839996,92.549995,0.66992,-0.22629,0.22629,0.66992
2023.09.20-21.36.26,0.0,-249.839996,92.549995,0.667169,-0.234277,0.234277,0.667169
2023.09.20-21.36.26,0.0,-249.839996,92.549995,0.666554,-0.236021,0.236021,0.666554
2023.09.20-21.36.26,0.0,-249.839996,92.549995,0.66841,-0.230711,0.230711,0.66841
2023.09.20-21.36.26,0.0,-249.839996,92.549995,0.670628,-0.224183,0.224183,0.670628
2023.09.20-21.36.26,0.0,-249.839996,92.549995,0.674764,-0.21141,0.21141,0.674763
2023.09.20-21.36.26,0.0,-249.839996,92.549995,0.675208,-0.209985,0.209985,0.675208
2023.09.20-21.36.26,0.0,-249.839996,92.549995,0.675998,-0.207429,0.207429,0.675998
2023.09.20-21.36.26,0.0,-249.839996,92.549995,0.677938,-0.200996,0.200996,0.677938
2023.09.20-21.36.26,0.0,-249.839996,92.549995,0.679545,-0.195494,0.195494,0.679545
2023.09.20-21.36.26,0.0,-249.839996,92.549995,0.680029,-0.193805,0.193805,0.680029
2023.09.20-21.36.26,0.0,-249.839996,92.549995,0.683565,-0.180938,0.180938,0.683565
2023.09.20-21.36.26,0.0,-249.839996,92.549995,0.682422,-0.185202,0.185202,0.682422
2023.09.20-21.36.26,0.0,-249.839996,92.549995,0.676415,-0.206065,0.206065,0.676415
2023.09.20-21.36.26,0.0,-249.839996,92.549995,0.667985,-0.23194,0.23194,0.667985
2023.09.20-21.36.26,0.0,-249.839996,92.549995,0.662299,-0.247709,0.247709,0.662299
2023.09.20-21.36.26,0.0,-249.839996,92.549995,0.648636,-0.281551,0.281551,0.648636
2023.09.20-21.36.26,0.0,-249.839996,92.549995,0.626889,-0.327124,0.327124,0.626889
2023.09.20-21.36.26,0.0,-249.839996,92.549995,0.59468,-0.382565,0.382565,0.59468
2023.09.20-21.36.26,0.0,-249.839996,92.549995,0.532085,-0.46571,0.46571,0.532085
2023.09.20-21.36.26,0.0,-249.839996,92.549995,0.468513,-0.529618,0.529618,0.468513
2023.09.20-21.36.26,0.0,-249.839996,92.549995,0.425884,-0.564467,0.564467,0.425884
2023.09.20-21.36.26,0.0,-249.839996,92.549995,0.406162,-0.57882,0.57882,0.406162
2023.09.20-21.36.26,0.0,-249.839996,92.549995,0.424153,-0.565769,0.565769,0.424153
2023.09.20-21.36.26,0.0,-249.839996,92.549995,0.4037,-0.580539,0.580539,0.4037
2023.09.20-21.36.26,0.0,-249.839996,92.549995,0.406366,-0.578677,0.578677,0.406366
2023.09.20-21.36.26,0.0,-249.839996,92.549995,0.383816,-0.593873,0.593873,0.383816
2023.09.20-21.36.27,0.0,-249.839996,92.549995,0.378919,-0.597009,0.597009,0.378919
2023.09.20-21.36.27,0.0,-249.839996,92.549995,0.397092,-0.585079,0.585079,0.397092
2023.09.20-21.36.27,0.0,-249.839996,92.549995,0.426617,-0.563913,0.563913,0.426617
2023.09.20-21.36.27,0.0,-249.839996,92.549995,0.457927,-0.538798,0.538798,0.457927
2023.09.20-21.36.27,0.0,-249.839996,92.549995,0.507617,-0.492265,0.492265,0.507617
2023.09.20-21.36.27,0.0,-249.839996,92.549995,0.524714,-0.473999,0.473999,0.524714
2023.09.20-21.36.27,0.0,-249.839996,92.549995,0.541263,-0.455011,0.455011,0.541262
2023.09.20-21.36.27,0.0,-249.839996,92.549995,0.556024,-0.436849,0.436849,0.556024
2023.09.20-21.36.27,0.0,-249.839996,92.549995,0.570247,-0.418113,0.418113,0.570247
2023.09.20-21.36.27,0.0,-249.839996,92.549995,0.589316,-0.390777,0.390777,0.589316
2023.09.20-21.36.27,0.0,-249.839996,92.549995,0.619437,-0.341025,0.341025,0.619437
2023.09.20-21.36.27,0.0,-249.839996,92.549995,0.650328,-0.27762,0.27762,0.650328
2023.09.20-21.36.27,0.0,-249.839996,92.549995,0.671289,-0.222196,0.222196,0.671289
2023.09.20-21.36.27,0.0,-249.839996,92.549995,0.676396,-0.206127,0.206127,0.676396
2023.09.20-21.36.27,0.0,-249.839996,92.549995,0.68182,-0.187406,0.187406,0.68182
2023.09.20-21.36.27,0.0,-249.839996,92.549995,0.686236,-0.170528,0.170528,0.686236
2023.09.20-21.36.27,0.0,-249.839996,92.549995,0.69101,-0.150017,0.150017,0.69101
2023.09.20-21.36.27,0.0,-249.839996,92.549995,0.68907,-0.158691,0.158691,0.68907
2023.09.20-21.36.27,0.0,-249.839996,92.549995,0.694848,-0.131095,0.131095,0.694848
2023.09.20-21.36.27,0.0,-249.839996,92.549995,0.691558,-0.14747,0.14747,0.691558
2023.09.20-21.36.27,0.0,-249.839996,92.549995,0.692775,-0.141644,0.141644,0.692775
2023.09.20-21.36.27,0.0,-249.839996,92.549995,0.691795,-0.146356,0.146356,0.691795
2023.09.20-21.36.27,0.0,-249.839996,92.549995,0.68914,-0.158384,0.158384,0.68914
2023.09.20-21.36.27,0.0,-249.839996,92.549995,0.688584,-0.160788,0.160788,0.688583
2023.09.20-21.36.27,0.0,-249.839996,92.549995,0.688533,-0.161006,0.161006,0.688533
2023.09.20-21.36.27,0.0,-249.839996,92.549995,0.68644,-0.169707,0.169707,0.68644
2023.09.20-21.36.27,0.0,-249.839996,92.549995,0.685826,-0.172169,0.172169,0.685826
2023.09.20-21.36.27,0.0,-249.839996,92.549995,0.683273,-0.182039,0.182039,0.683273
2023.09.20-21.36.27,0.0,-249.839996,92.549995,0.680102,-0.193548,0.193548,0.680102
2023.09.20-21.36.27,0.0,-249.839996,92.549995,0.67681,-0.204763,0.204763,0.67681
2023.09.20-21.36.27,0.0,-249.839996,92.549995,0.673371,-0.215805,0.215805,0.673371
2023.09.20-21.36.27,0.0,-249.839996,92.549995,0.671183,-0.222517,0.222517,0.671182
2023.09.20-21.36.27,0.0,-249.839996,92.549995,0.669148,-0.228563,0.228563,0.669148
2023.09.20-21.36.27,0.0,-249.839996,92.549995,0.667774,-0.232547,0.232547,0.667774
2023.09.20-21.36.27,0.0,-249.839996,92.549995,0.66637,-0.23654,0.23654,0.66637
2023.09.20-21.36.27,0.0,-249.839996,92.549995,0.665529,-0.238895,0.238895,0.665529
2023.09.20-21.36.27,0.0,-249.839996,92.549995,0.665353,-0.239386,0.239386,0.665353
