2023.09.21-22.48.47,256.40271,-25.902739,105.462601,0.0,0.0,-0.382684,0.923879
2023.09.21-22.48.47,256.40271,-25.902739,105.462601,0.0,0.0,-0.382568,0.923927
2023.09.21-22.48.47,256.40271,-25.902739,105.462601,0.0,0.0,-0.382498,0.923956
2023.09.21-22.48.47,256.40271,-25.902739,105.462601,0.0,0.0,-0.382567,0.923928
2023.09.21-22.48.47,256.40271,-25.902739,105.462601,0.0,0.0,-0.382709,0.923869
2023.09.21-22.48.47,256.40271,-25.902739,105.462601,0.0,0.0,-0.382837,0.923816
2023.09.21-22.48.47,256.40271,-25.902739,105.462601,0.0,0.0,-0.382942,0.923772
2023.09.21-22.48.47,256.40271,-25.902739,105.462601,0.0,0.0,-0.383038,0.923733
2023.09.21-22.48.47,256.40271,-25.902739,105.462601,0.0,0.0,-0.383053,0.923726
2023.09.21-22.48.47,256.40271,-25.902739,105.462601,0.0,0.0,-0.382994,0.923751
2023.09.21-22.48.47,256.40271,-25.902739,105.462601,0.0,0.0,-0.382953,0.923768
2023.09.21-22.48.47,256.40271,-25.902739,105.462601,0.0,0.0,-0.382907,0.923787
2023.09.21-22.48.47,256.40271,-25.902739,105.462601,0.0,0.0,-0.382917,0.923783
2023.09.21-22.48.47,256.40271,-25.902739,105.462601,0.0,0.0,-0.382949,0.923769
2023.09.21-22.48.47,256.40271,-25.902739,105.462601,0.0,0.0,-0.382994,0.923751
2023.09.21-22.48.47,256.40271,-25.902739,105.462601,0.0,0.0,-0.383033,0.923735
2023.09.21-22.48.47,256.40271,-25.902739,105.462601,0.0,0.0,-0.383063,0.923722
2023.09.21-22.48.47,256.40271,-25.902739,105.462601,0.0,0.0,-0.383011,0.923744
2023.09.21-22.48.47,256.40271,-25.902739,105.462601,0.0,0.0,-0.382958,0.923766
2023.09.21-22.48.47,256.40271,-25.902739,105.462601,0.0,0.0,-0.382935,0.923775
2023.09.21-22.48.47,256.40271,-25.902739,105.462601,0.0,0.0,-0.382968,0.923762
2023.09.21-22.48.47,256.40271,-25.902739,105.462601,0.0,0.0,-0.383019,0.92374
2023.09.21-22.48.47,256.40271,-25.902739,105.462601,0.0,0.0,-0.38303,0.923736
2023.09.21-22.48.47,256.40271,-25.902739,105.462601,0.0,0.0,-0.382986,0.923754
2023.09.21-22.48.47,256.40271,-25.902739,105.462601,0.0,0.0,-0.382894,0.923792
2023.09.21-22.48.47,256.40271,-25.902739,105.462601,0.0,0.0,-0.382843,0.923814
2023.09.21-22.48.47,256.40271,-25.902739,105.462601,0.0,0.0,-0.382794,0.923834
2023.09.21-22.48.47,256.40271,-25.902739,105.462601,0.0,0.0,-0.382718,0.923865
2023.09.21-22.48.47,256.40271,-25.902739,105.462601,0.0,0.0,-0.382651,0.923893
2023.09.21-22.48.47,256.40271,-25.902739,105.462601,0.0,0.0,-0.382603,0.923913
2023.09.21-22.48.47,256.40271,-25.902739,105.462601,0.0,0.0,-0.382556,0.923932
2023.09.21-22.48.47,256.40271,-25.902739,105.462601,0.0,0.0,-0.382542,0.923938
2023.09.21-22.48.47,256.40271,-25.902739,105.462601,0.0,0.0,-0.382573,0.923925
2023.09.21-22.48.47,256.40271,-25.902739,105.462601,0.0,0.0,-0.38264,0.923897
2023.09.21-22.48.47,256.40271,-25.902739,105.462601,0.0,0.0,-0.382706,0.92387
2023.09.21-22.48.47,256.40271,-25.902739,105.462601,0.0,0.0,-0.382746,0.923854
2023.09.21-22.48.47,256.40271,-25.902739,105.462601,0.0,0.0,-0.382761,0.923847
2023.09.21-22.48.47,256.40271,-25.902739,105.462601,0.0,0.0,-0.38277,0.923844
2023.09.21-22.48.47,256.40271,-25.902739,105.462601,0.0,0.0,-0.382801,0.923831
2023.09.21-22.48.47,256.40271,-25.902739,105.462601,0.0,0.0,-0.382857,0.923808
2023.09.21-22.48.47,256.40271,-25.902739,105.462601,0.0,0.0,-0.382905,0.923788
2023.09.21-22.48.47,256.40271,-25.902739,105.462601,0.0,0.0,-0.382917,0.923783
2023.09.21-22.48.47,256.40271,-25.902739,105.462601,0.0,0.0,-0.382885,0.923796
2023.09.21-22.48.47,256.40271,-25.902739,105.462601,0.0,0.0,-0.382835,0.923817
2023.09.21-22.48.47,256.40271,-25.902739,105.462601,0.0,0.0,-0.382802,0.92383
2023.09.21-22.48.47,256.40271,-25.902739,105.462601,0.0,0.0,-0.382806,0.923829
2023.09.21-22.48.47,256.40271,-25.902739,105.462601,0.0,0.0,-0.382835,0.923817
2023.09.21-22.48.47,256.40271,-25.902739,105.462601,0.0,0.0,-0.382835,0.923817
2023.09.21-22.48.47,256.40271,-25.902739,105.462601,0.0,0.0,-0.382791,0.923835
2023.09.21-22.48.47,256.40271,-25.902739,105.462601,0.0,0.0,-0.382701,0.923872
2023.09.21-22.48.47,256.40271,-25.902739,105.462601,0.0,0.0,-0.382556,0.923932
2023.09.21-22.48.47,256.40271,-25.902739,105.462601,0.0,0.0,-0.382416,0.92399
2023.09.21-22.48.47,256.40271,-25.902739,105.462601,0.0,0.0,-0.382298,0.924039
2023.09.21-22.48.47,256.40271,-25.902739,105.462601,0.0,0.0,-0.382166,0.924094
2023.09.21-22.48.47,256.40271,-25.902739,105.462601,0.0,0.0,-0.382034,0.924148
2023.09.21-22.48.47,256.40271,-25.902739,105.462601,0.0,0.0,-0.38187,0.924216
2023.09.21-22.48.47,256.40271,-25.902739,105.462601,0.0,0.0,-0.381684,0.924293
2023.09.21-22.48.47,256.40271,-25.902739,105.462601,0.0,0.0,-0.381469,0.924382
2023.09.21-22.48.48,256.40271,-25.902739,105.462601,0.0,0.0,-0.38114,0.924517
2023.09.21-22.48.48,256.40271,-25.902739,105.462601,0.0,0.0,-0.380839,0.924641
2023.09.21-22.48.48,256.40271,-25.902739,105.462601,0.0,0.0,-0.380573,0.924751
2023.09.21-22.48.48,256.40271,-25.902739,105.462601,0.0,0.0,-0.380676,0.924709
2023.09.21-22.48.48,256.40271,-25.902739,105.462601,0.0,0.0,-0.380668,0.924712
2023.09.21-22.48.48,256.40271,-25.902739,105.462601,0.0,0.0,-0.380624,0.92473
2023.09.21-22.48.48,256.40271,-25.902739,105.462601,0.0,0.0,-0.380434,0.924808
2023.09.21-22.48.48,256.40271,-25.902739,105.462601,0.0,0.0,-0.380343,0.924845
2023.09.21-22.48.48,256.40271,-25.902739,105.462601,0.0,0.0,-0.380394,0.924825
2023.09.21-22.48.48,256.40271,-25.902739,105.462601,0.0,0.0,-0.380462,0.924797
2023.09.21-22.48.48,256.40271,-25.902739,105.462601,0.0,0.0,-0.380473,0.924792
2023.09.21-22.48.48,256.40271,-25.902739,105.462601,0.0,0.0,-0.380418,0.924815
2023.09.21-22.48.48,256.40271,-25.902739,105.462601,0.0,0.0,-0.380341,0.924846
2023.09.21-22.48.48,256.40271,-25.902739,105.462601,0.0,0.0,-0.380267,0.924877
2023.09.21-22.48.48,256.40271,-25.902739,105.462601,0.0,0.0,-0.380201,0.924904
2023.09.21-22.48.48,256.40271,-25.902739,105.462601,0.0,0.0,-0.380157,0.924922
2023.09.21-22.48.48,256.40271,-25.902739,105.462601,0.0,0.0,-0.380114,0.92494
2023.09.21-22.48.48,256.40271,-25.902739,105.462601,0.0,0.0,-0.380057,0.924963
2023.09.21-22.48.48,256.40271,-25.902739,105.462601,0.0,0.0,-0.380025,0.924976
2023.09.21-22.48.48,256.40271,-25.902739,105.462601,0.0,0.0,-0.379946,0.925009
2023.09.21-22.48.48,256.40271,-25.902739,105.462601,0.0,0.0,-0.379775,0.925079
2023.09.21-22.48.48,256.40271,-25.902739,105.462601,0.0,0.0,-0.379716,0.925103
2023.09.21-22.48.48,256.40271,-25.902739,105.462601,0.0,0.0,-0.379726,0.925099
2023.09.21-22.48.48,256.40271,-25.902739,105.462601,0.0,0.0,-0.379739,0.925094
2023.09.21-22.48.48,256.40271,-25.902739,105.462601,0.0,0.0,-0.379725,0.925099
2023.09.21-22.48.48,256.40271,-25.902739,105.462601,0.0,0.0,-0.379742,0.925092
2023.09.21-22.48.48,256.40271,-25.902739,105.462601,0.0,0.0,-0.37978,0.925077
2023.09.21-22.48.48,256.40271,-25.902739,105.462601,0.0,0.0,-0.379892,0.925031
2023.09.21-22.48.48,256.40271,-25.902739,105.462601,0.0,0.0,-0.380014,0.924981
2023.09.21-22.48.48,256.40271,-25.902739,105.462601,0.0,0.0,-0.38015,0.924925
2023.09.21-22.48.48,256.40271,-25.902739,105.462601,0.0,0.0,-0.380216,0.924898
2023.09.21-22.48.48,256.40271,-25.902739,105.462601,0.0,0.0,-0.380275,0.924873
2023.09.21-22.48.48,256.40271,-25.902739,105.462601,0.0,0.0,-0.380321,0.924855
2023.09.21-22.48.48,256.40271,-25.902739,105.462601,0.0,0.0,-0.380331,0.92485
2023.09.21-22.48.48,256.40271,-25.902739,105.462601,0.0,0.0,-0.380398,0.924823
2023.09.21-22.48.49,256.40271,-25.902739,105.462601,0.0,0.0,-0.380472,0.924792
2023.09.21-22.48.49,256.40271,-25.902739,105.462601,0.0,0.0,-0.380533,0.924767
2023.09.21-22.48.49,256.40271,-25.902739,105.462601,0.0,0.0,-0.380479,0.92479
2023.09.21-22.48.49,256.40271,-25.902739,105.462601,0.0,0.0,-0.380482,0.924788
2023.09.21-22.48.49,256.40271,-25.902739,105.462601,0.0,0.0,-0.380532,0.924768
2023.09.21-22.48.49,256.40271,-25.902739,105.462601,0.0,0.0,-0.380622,0.924731
2023.09.21-22.48.49,256.40271,-25.902739,105.462601,0.0,0.0,-0.380755,0.924676
2023.09.21-22.48.49,256.40271,-25.902739,105.462601,0.0,0.0,-0.380814,0.924652
2023.09.21-22.48.49,256.40271,-25.902739,105.462601,0.0,0.0,-0.380863,0.924631
2023.09.21-22.48.49,256.40271,-25.902739,105.462601,0.0,0.0,-0.380916,0.92461
2023.09.21-22.48.49,256.40271,-25.902739,105.462601,0.0,0.0,-0.380999,0.924576
2023.09.21-22.48.49,256.40271,-25.902739,105.462601,0.0,0.0,-0.381112,0.924529
2023.09.21-22.48.49,256.40271,-25.902739,105.462601,0.0,0.0,-0.381428,0.924399
2023.09.21-22.48.49,256.40271,-25.902739,105.462601,0.0,0.0,-0.381542,0.924352
2023.09.21-22.48.49,256.40271,-25.902739,105.462601,0.0,0.0,-0.381535,0.924354
2023.09.21-22.48.49,256.40271,-25.902739,105.462601,0.0,0.0,-0.381535,0.924354
2023.09.21-22.48.49,256.40271,-25.902739,105.462601,0.0,0.0,-0.381508,0.924365
2023.09.21-22.48.49,256.40271,-25.902739,105.462601,0.0,0.0,-0.381452,0.924388
2023.09.21-22.48.49,256.40271,-25.902739,105.462601,0.0,0.0,-0.381391,0.924414
2023.09.21-22.48.49,256.40271,-25.902739,105.462601,0.0,0.0,-0.381378,0.924419
2023.09.21-22.48.49,256.40271,-25.902739,105.462601,0.0,0.0,-0.381423,0.924401
2023.09.21-22.48.49,256.40271,-25.902739,105.462601,0.0,0.0,-0.381491,0.924373
2023.09.21-22.48.49,256.40271,-25.902739,105.462601,0.0,0.0,-0.381569,0.92434
2023.09.21-22.48.49,256.40271,-25.902739,105.462601,0.0,0.0,-0.381673,0.924298
2023.09.21-22.48.49,256.40271,-25.902739,105.462601,0.0,0.0,-0.381822,0.924236
2023.09.21-22.48.49,256.40271,-25.902739,105.462601,0.0,0.0,-0.381961,0.924178
2023.09.21-22.48.49,256.40271,-25.902739,105.462601,0.0,0.0,-0.382089,0.924125
2023.09.21-22.48.50,256.40271,-25.902739,105.462601,0.0,0.0,-0.382159,0.924096
2023.09.21-22.48.50,256.40271,-25.902739,105.462601,0.0,0.0,-0.382166,0.924093
2023.09.21-22.48.50,256.40271,-25.902739,105.462601,0.0,0.0,-0.382196,0.924081
2023.09.21-22.48.50,256.40271,-25.902739,105.462601,0.0,0.0,-0.382326,0.924028
2023.09.21-22.48.50,256.40271,-25.902739,105.462601,0.0,0.0,-0.382521,0.923947
2023.09.21-22.48.50,256.40271,-25.902739,105.462601,0.0,0.0,-0.382652,0.923893
2023.09.21-22.48.50,256.40271,-25.902739,105.462601,0.0,0.0,-0.38278,0.923839
2023.09.21-22.48.50,256.40271,-25.902739,105.462601,0.0,0.0,-0.38285,0.923811
2023.09.21-22.48.50,256.40271,-25.902739,105.462601,0.0,0.0,-0.382802,0.92383
2023.09.21-22.48.50,256.40271,-25.902739,105.462601,0.0,0.0,-0.382751,0.923851
2023.09.21-22.48.50,256.40271,-25.902739,105.462601,0.0,0.0,-0.382785,0.923837
2023.09.21-22.48.50,256.40271,-25.902739,105.462601,0.0,0.0,-0.382905,0.923788
2023.09.21-22.48.50,256.40271,-25.902739,105.462601,0.0,0.0,-0.383083,0.923714
2023.09.21-22.48.50,256.40271,-25.902739,105.462601,0.0,0.0,-0.383206,0.923663
2023.09.21-22.48.50,256.40271,-25.902739,105.462601,0.0,0.0,-0.383169,0.923678
2023.09.21-22.48.50,256.40271,-25.902739,105.462601,0.0,0.0,-0.38304,0.923732
2023.09.21-22.48.50,256.40271,-25.902739,105.462601,0.0,0.0,-0.382948,0.92377
2023.09.21-22.48.50,256.40271,-25.902739,105.462601,0.0,0.0,-0.382975,0.923759
2023.09.21-22.48.50,256.40271,-25.902739,105.462601,0.0,0.0,-0.383044,0.92373
2023.09.21-22.48.50,256.40271,-25.902739,105.462601,0.0,0.0,-0.383125,0.923696
2023.09.21-22.48.50,256.40271,-25.902739,105.462601,0.0,0.0,-0.383206,0.923663
2023.09.21-22.48.50,256.40271,-25.902739,105.462601,0.0,0.0,-0.38327,0.923636
2023.09.21-22.48.50,256.40271,-25.902739,105.462601,0.0,0.0,-0.383283,0.923631
2023.09.21-22.48.50,256.40271,-25.902739,105.462601,0.0,0.0,-0.383237,0.92365
2023.09.21-22.48.50,256.40271,-25.902739,105.462601,0.0,0.0,-0.383227,0.923654
2023.09.21-22.48.50,256.40271,-25.902739,105.462601,0.0,0.0,-0.383302,0.923623
2023.09.21-22.48.50,256.40271,-25.902739,105.462601,0.0,0.0,-0.383459,0.923558
2023.09.21-22.48.50,256.40271,-25.902739,105.462601,0.0,0.0,-0.383622,0.92349
2023.09.21-22.48.50,256.40271,-25.902739,105.462601,0.0,0.0,-0.383759,0.923433
2023.09.21-22.48.50,256.40271,-25.902739,105.462601,0.0,0.0,-0.383871,0.923387
2023.09.21-22.48.50,256.40271,-25.902739,105.462601,0.0,0.0,-0.383972,0.923345
2023.09.21-22.48.50,256.40271,-25.902739,105.462601,0.0,0.0,-0.38405,0.923312
2023.09.21-22.48.50,256.40271,-25.902739,105.462601,0.0,0.0,-0.384153,0.92327
2023.09.21-22.48.50,256.40271,-25.902739,105.462601,0.0,0.0,-0.384253,0.923228
2023.09.21-22.48.50,256.40271,-25.902739,105.462601,0.0,0.0,-0.384403,0.923165
2023.09.21-22.48.50,256.40271,-25.902739,105.462601,0.0,0.0,-0.384579,0.923092
2023.09.21-22.48.50,256.40271,-25.902739,105.462601,0.0,0.0,-0.384797,0.923001
2023.09.21-22.48.50,256.40271,-25.902739,105.462601,0.0,0.0,-0.38503,0.922904
2023.09.21-22.48.50,256.40271,-25.902739,105.462601,0.0,0.0,-0.385223,0.922823
2023.09.21-22.48.50,256.40271,-25.902739,105.462601,0.0,0.0,-0.385366,0.922764
2023.09.21-22.48.50,256.40271,-25.902739,105.462601,0.0,0.0,-0.385464,0.922723
2023.09.21-22.48.50,256.40271,-25.902739,105.462601,0.0,0.0,-0.385577,0.922676
2023.09.21-22.48.50,256.40271,-25.902739,105.462601,0.0,0.0,-0.385705,0.922622
2023.09.21-22.48.50,256.40271,-25.902739,105.462601,0.0,0.0,-0.385803,0.922581
2023.09.21-22.48.50,256.40271,-25.902739,105.462601,0.0,0.0,-0.385862,0.922557
2023.09.21-22.48.50,256.40271,-25.902739,105.462601,0.0,0.0,-0.385963,0.922514
2023.09.21-22.48.50,256.40271,-25.902739,105.462601,0.0,0.0,-0.386123,0.922447
2023.09.21-22.48.50,256.40271,-25.902739,105.462601,0.0,0.0,-0.386293,0.922376
2023.09.21-22.48.50,256.40271,-25.902739,105.462601,0.0,0.0,-0.386553,0.922267
2023.09.21-22.48.50,256.40271,-25.902739,105.462601,0.0,0.0,-0.387052,0.922058
2023.09.21-22.48.50,256.40271,-25.902739,105.462601,0.0,0.0,-0.387538,0.921854
2023.09.21-22.48.50,256.40271,-25.902739,105.462601,0.0,0.0,-0.388043,0.921641
2023.09.21-22.48.51,256.40271,-25.902739,105.462601,0.0,0.0,-0.388573,0.921418
2023.09.21-22.48.51,256.40271,-25.902739,105.462601,0.0,0.0,-0.388632,0.921393
2023.09.21-22.48.51,256.40271,-25.902739,105.462601,0.0,0.0,-0.388561,0.921423
2023.09.21-22.48.51,256.40271,-25.902739,105.462601,0.0,0.0,-0.38849,0.921453
2023.09.21-22.48.51,256.40271,-25.902739,105.462601,0.0,0.0,-0.388493,0.921452
2023.09.21-22.48.51,256.40271,-25.902739,105.462601,0.0,0.0,-0.38853,0.921436
2023.09.21-22.48.51,256.40271,-25.902739,105.462601,0.0,0.0,-0.388527,0.921438
2023.09.21-22.48.51,256.40271,-25.902739,105.462601,0.0,0.0,-0.388608,0.921403
2023.09.21-22.48.51,256.40271,-25.902739,105.462601,0.0,0.0,-0.388615,0.9214
2023.09.21-22.48.51,256.40271,-25.902739,105.462601,0.0,0.0,-0.388619,0.921398
2023.09.21-22.48.51,256.40271,-25.902739,105.462601,0.0,0.0,-0.388639,0.92139
2023.09.21-22.48.51,256.40271,-25.902739,105.462601,0.0,0.0,-0.388616,0.9214
2023.09.21-22.48.51,256.40271,-25.902739,105.462601,0.0,0.0,-0.388565,0.921421
2023.09.21-22.48.51,256.40271,-25.902739,105.462601,0.0,0.0,-0.388539,0.921432
2023.09.21-22.48.51,256.40271,-25.902739,105.462601,0.0,0.0,-0.38852,0.92144
2023.09.21-22.48.51,256.40271,-25.902739,105.462601,0.0,0.0,-0.388496,0.92145
2023.09.21-22.48.51,256.40271,-25.902739,105.462601,0.0,0.0,-0.388478,0.921458
2023.09.21-22.48.51,256.40271,-25.902739,105.462601,0.0,0.0,-0.388483,0.921456
2023.09.21-22.48.51,256.40271,-25.902739,105.462601,0.0,0.0,-0.38846,0.921465
2023.09.21-22.48.51,256.40271,-25.902739,105.462601,0.0,0.0,-0.388374,0.921502
2023.09.21-22.48.51,256.40271,-25.902739,105.462601,0.0,0.0,-0.388328,0.921521
2023.09.21-22.48.51,256.40271,-25.902739,105.462601,0.0,0.0,-0.388332,0.921519
2023.09.21-22.48.51,256.40271,-25.902739,105.462601,0.0,0.0,-0.388395,0.921493
2023.09.21-22.48.51,256.40271,-25.902739,105.462601,0.0,0.0,-0.388484,0.921456
2023.09.21-22.48.51,256.40271,-25.902739,105.462601,0.0,0.0,-0.388611,0.921402
2023.09.21-22.48.51,256.40271,-25.902739,105.462601,0.0,0.0,-0.388694,0.921367
2023.09.21-22.48.51,256.40271,-25.902739,105.462601,0.0,0.0,-0.388651,0.921385
2023.09.21-22.48.51,256.40271,-25.902739,105.462601,0.0,0.0,-0.388586,0.921413
2023.09.21-22.48.51,256.40271,-25.902739,105.462601,0.0,0.0,-0.388545,0.92143
2023.09.21-22.48.51,256.40271,-25.902739,105.462601,0.0,0.0,-0.388527,0.921437
2023.09.21-22.48.51,256.40271,-25.902739,105.462601,0.0,0.0,-0.388577,0.921416
2023.09.21-22.48.51,256.40271,-25.902739,105.462601,0.0,0.0,-0.388669,0.921378
2023.09.21-22.48.51,256.40271,-25.902739,105.462601,0.0,0.0,-0.388773,0.921334
2023.09.21-22.48.51,256.40271,-25.902739,105.462601,0.0,0.0,-0.388824,0.921312
2023.09.21-22.48.51,256.40271,-25.902739,105.462601,0.0,0.0,-0.388851,0.921301
2023.09.21-22.48.51,256.40271,-25.902739,105.462601,0.0,0.0,-0.388833,0.921308
2023.09.21-22.48.51,256.40271,-25.902739,105.462601,0.0,0.0,-0.388741,0.921347
2023.09.21-22.48.51,256.40271,-25.902739,105.462601,0.0,0.0,-0.388593,0.92141
2023.09.21-22.48.51,256.40271,-25.902739,105.462601,0.0,0.0,-0.388416,0.921484
2023.09.21-22.48.51,256.40271,-25.902739,105.462601,0.0,0.0,-0.38837,0.921503
2023.09.21-22.48.51,256.40271,-25.902739,105.462601,0.0,0.0,-0.388404,0.921489
2023.09.21-22.48.51,256.40271,-25.902739,105.462601,0.0,0.0,-0.388456,0.921467
2023.09.21-22.48.51,256.40271,-25.902739,105.462601,0.0,0.0,-0.388518,0.921441
2023.09.21-22.48.51,256.40271,-25.902739,105.462601,0.0,0.0,-0.388637,0.921391
2023.09.21-22.48.51,256.40271,-25.902739,105.462601,0.0,0.0,-0.388811,0.921318
2023.09.21-22.48.52,256.40271,-25.902739,105.462601,0.0,0.0,-0.389105,0.921193
2023.09.21-22.48.52,256.40271,-25.902739,105.462601,0.0,0.0,-0.389582,0.920992
2023.09.21-22.48.52,256.40271,-25.902739,105.462601,0.0,0.0,-0.390119,0.920764
2023.09.21-22.48.52,256.40271,-25.902739,105.462601,0.0,0.0,-0.390719,0.92051
2023.09.21-22.48.52,256.40271,-25.902739,105.462601,0.0,0.0,-0.39128,0.920272
2023.09.21-22.48.52,256.40271,-25.902739,105.462601,0.0,0.0,-0.391926,0.919997
2023.09.21-22.48.52,256.40271,-25.902739,105.462601,0.0,0.0,-0.392569,0.919723
2023.09.21-22.48.52,256.40271,-25.902739,105.462601,0.0,0.0,-0.393199,0.919454
2023.09.21-22.48.52,256.40271,-25.902739,105.462601,0.0,0.0,-0.393736,0.919224
2023.09.21-22.48.52,256.40271,-25.902739,105.462601,0.0,0.0,-0.394274,0.918993
2023.09.21-22.48.52,256.40271,-25.902739,105.462601,0.0,0.0,-0.394817,0.91876
2023.09.21-22.48.52,256.40271,-25.902739,105.462601,0.0,0.0,-0.395453,0.918486
2023.09.21-22.48.52,256.40271,-25.902739,105.462601,0.0,0.0,-0.396091,0.918211
2023.09.21-22.48.52,256.40271,-25.902739,105.462601,0.0,0.0,-0.396864,0.917877
2023.09.21-22.48.52,256.40271,-25.902739,105.462601,0.0,0.0,-0.397626,0.917548
2023.09.21-22.48.52,256.40271,-25.902739,105.462601,0.0,0.0,-0.398234,0.917284
2023.09.21-22.48.52,256.40271,-25.902739,105.462601,0.0,0.0,-0.398704,0.91708
2023.09.21-22.48.52,256.40271,-25.902739,105.462601,0.0,0.0,-0.399199,0.916864
2023.09.21-22.48.52,256.40271,-25.902739,105.462601,0.0,0.0,-0.399563,0.916706
2023.09.21-22.48.52,256.40271,-25.902739,105.462601,0.0,0.0,-0.39983,0.91659
2023.09.21-22.48.52,256.40271,-25.902739,105.462601,0.0,0.0,-0.400066,0.916487
2023.09.21-22.48.52,256.40271,-25.902739,105.462601,0.0,0.0,-0.400248,0.916407
2023.09.21-22.48.52,256.40271,-25.902739,105.462601,0.0,0.0,-0.400428,0.916328
2023.09.21-22.48.52,256.40271,-25.902739,105.462601,0.0,0.0,-0.400584,0.91626
2023.09.21-22.48.52,256.40271,-25.902739,105.462601,0.0,0.0,-0.400706,0.916207
2023.09.21-22.48.52,256.40271,-25.902739,105.462601,0.0,0.0,-0.400853,0.916143
2023.09.21-22.48.52,256.40271,-25.902739,105.462601,0.0,0.0,-0.40104,0.916061
2023.09.21-22.48.52,256.40271,-25.902739,105.462601,0.0,0.0,-0.401277,0.915957
2023.09.21-22.48.52,256.40271,-25.902739,105.462601,0.0,0.0,-0.401521,0.91585
2023.09.21-22.48.52,256.40271,-25.902739,105.462601,0.0,0.0,-0.401742,0.915753
2023.09.21-22.48.52,256.40271,-25.902739,105.462601,0.0,0.0,-0.401978,0.915649
2023.09.21-22.48.52,256.40271,-25.902739,105.462601,0.0,0.0,-0.402248,0.915531
2023.09.21-22.48.52,256.40271,-25.902739,105.462601,0.0,0.0,-0.402583,0.915384
2023.09.21-22.48.52,256.40271,-25.902739,105.462601,0.0,0.0,-0.402962,0.915217
2023.09.21-22.48.52,256.40271,-25.902739,105.462601,0.0,0.0,-0.403468,0.914994
2023.09.21-22.48.52,256.40271,-25.902739,105.462601,0.0,0.0,-0.403978,0.914769
2023.09.21-22.48.52,256.40271,-25.902739,105.462601,0.0,0.0,-0.40446,0.914556
2023.09.21-22.48.52,256.40271,-25.902739,105.462601,0.0,0.0,-0.404945,0.914341
2023.09.21-22.48.52,256.40271,-25.902739,105.462601,0.0,0.0,-0.405494,0.914098
2023.09.21-22.48.52,256.40271,-25.902739,105.462601,0.0,0.0,-0.406104,0.913827
2023.09.21-22.48.52,256.40271,-25.902739,105.462601,0.0,0.0,-0.4068,0.913517
2023.09.21-22.48.52,256.40271,-25.902739,105.462601,0.0,0.0,-0.40744,0.913232
2023.09.21-22.48.52,256.40271,-25.902739,105.462601,0.0,0.0,-0.408079,0.912946
2023.09.21-22.48.52,256.40271,-25.902739,105.462601,0.0,0.0,-0.408653,0.91269
2023.09.21-22.48.52,256.40271,-25.902739,105.462601,0.0,0.0,-0.409195,0.912447
2023.09.21-22.48.52,256.40271,-25.902739,105.462601,0.0,0.0,-0.40977,0.912189
2023.09.21-22.48.52,256.40271,-25.902739,105.462601,0.0,0.0,-0.410281,0.911959
2023.09.21-22.48.52,256.40271,-25.902739,105.462601,0.0,0.0,-0.410795,0.911728
2023.09.21-22.48.52,256.40271,-25.902739,105.462601,0.0,0.0,-0.411307,0.911497
2023.09.21-22.48.52,256.40271,-25.902739,105.462601,0.0,0.0,-0.411777,0.911285
2023.09.21-22.48.52,256.40271,-25.902739,105.462601,0.0,0.0,-0.412318,0.91104
2023.09.21-22.48.52,256.40271,-25.902739,105.462601,0.0,0.0,-0.412944,0.910756
2023.09.21-22.48.52,256.40271,-25.902739,105.462601,0.0,0.0,-0.413635,0.910443
2023.09.21-22.48.52,256.40271,-25.902739,105.462601,0.0,0.0,-0.414356,0.910115
2023.09.21-22.48.52,256.40271,-25.902739,105.462601,0.0,0.0,-0.415128,0.909763
2023.09.21-22.48.52,256.40271,-25.902739,105.462601,0.0,0.0,-0.415935,0.909394
2023.09.21-22.48.52,256.40271,-25.902739,105.462601,0.0,0.0,-0.416648,0.909068
2023.09.21-22.48.52,256.40271,-25.902739,105.462601,0.0,0.0,-0.417287,0.908775
2023.09.21-22.48.52,256.40271,-25.902739,105.462601,0.0,0.0,-0.417866,0.908509
2023.09.21-22.48.52,256.40271,-25.902739,105.462601,0.0,0.0,-0.418402,0.908262
2023.09.21-22.48.52,256.40271,-25.902739,105.462601,0.0,0.0,-0.418852,0.908054
2023.09.21-22.48.52,256.40271,-25.902739,105.462601,0.0,0.0,-0.419183,0.907902
2023.09.21-22.48.52,256.40271,-25.902739,105.462601,0.0,0.0,-0.419384,0.907809
2023.09.21-22.48.52,256.40271,-25.902739,105.462601,0.0,0.0,-0.419396,0.907803
2023.09.21-22.48.52,256.40271,-25.902739,105.462601,0.0,0.0,-0.419274,0.90786
2023.09.21-22.48.52,256.40271,-25.902739,105.462601,0.0,0.0,-0.419071,0.907954
2023.09.21-22.48.52,256.40271,-25.902739,105.462601,0.0,0.0,-0.418746,0.908103
2023.09.21-22.48.52,256.40271,-25.902739,105.462601,0.0,0.0,-0.41839,0.908267
2023.09.21-22.48.52,256.40271,-25.902739,105.462601,0.0,0.0,-0.417988,0.908453
2023.09.21-22.48.52,256.40271,-25.902739,105.462601,0.0,0.0,-0.417525,0.908665
2023.09.21-22.48.52,256.40271,-25.902739,105.462601,0.0,0.0,-0.41692,0.908943
2023.09.21-22.48.53,256.40271,-25.902739,105.462601,0.0,0.0,-0.416315,0.909221
2023.09.21-22.48.53,256.40271,-25.902739,105.462601,0.0,0.0,-0.415459,0.909612
2023.09.21-22.48.53,256.40271,-25.902739,105.462601,0.0,0.0,-0.414632,0.909989
2023.09.21-22.48.53,256.40271,-25.902739,105.462601,0.0,0.0,-0.413698,0.910414
2023.09.21-22.48.53,256.40271,-25.902739,105.462601,0.0,0.0,-0.412717,0.910859
2023.09.21-22.48.53,256.40271,-25.902739,105.462601,0.0,0.0,-0.411472,0.911422
2023.09.21-22.48.53,256.40271,-25.902739,105.462601,0.0,0.0,-0.410296,0.911952
2023.09.21-22.48.53,256.40271,-25.902739,105.462601,0.0,0.0,-0.408996,0.912536
2023.09.21-22.48.53,256.40271,-25.902739,105.462601,0.0,0.0,-0.407444,0.91323
2023.09.21-22.48.53,256.40271,-25.902739,105.462601,0.0,0.0,-0.405967,0.913888
2023.09.21-22.48.53,256.40271,-25.902739,105.462601,0.0,0.0,-0.404153,0.914691
2023.09.21-22.48.53,256.40271,-25.902739,105.462601,0.0,0.0,-0.40227,0.915521
2023.09.21-22.48.53,256.40271,-25.902739,105.462601,0.0,0.0,-0.39992,0.91655
2023.09.21-22.48.53,256.40271,-25.902739,105.462601,0.0,0.0,-0.397882,0.917437
2023.09.21-22.48.53,256.40271,-25.902739,105.462601,0.0,0.0,-0.395716,0.918373
2023.09.21-22.48.53,256.40271,-25.902739,105.462601,0.0,0.0,-0.393337,0.919394
2023.09.21-22.48.53,256.40271,-25.902739,105.462601,0.0,0.0,-0.390825,0.920465
2023.09.21-22.48.53,256.40271,-25.902739,105.462601,0.0,0.0,-0.388438,0.921475
2023.09.21-22.48.53,256.40271,-25.902739,105.462601,0.0,0.0,-0.388064,0.921633
2023.09.21-22.48.53,256.40271,-25.902739,105.462601,0.0,0.0,-0.385582,0.922674
2023.09.21-22.48.53,256.40271,-25.902739,105.462601,0.0,0.0,-0.38312,0.923698
2023.09.21-22.48.53,256.40271,-25.902739,105.462601,0.0,0.0,-0.380636,0.924725
2023.09.21-22.48.53,256.40271,-25.902739,105.462601,0.0,0.0,-0.378542,0.925584
2023.09.21-22.48.53,256.40271,-25.902739,105.462601,0.0,0.0,-0.376962,0.926229
2023.09.21-22.48.53,256.40271,-25.902739,105.462601,0.0,0.0,-0.374867,0.927078
2023.09.21-22.48.53,256.40271,-25.902739,105.462601,0.0,0.0,-0.373326,0.9277
2023.09.21-22.48.53,256.40271,-25.902739,105.462601,0.0,0.0,-0.372016,0.928226
2023.09.21-22.48.53,256.40271,-25.902739,105.462601,0.0,0.0,-0.370823,0.928703
2023.09.21-22.48.53,256.40271,-25.902739,105.462601,0.0,0.0,-0.369557,0.929208
2023.09.21-22.48.53,256.40271,-25.902739,105.462601,0.0,0.0,-0.368359,0.929683
2023.09.21-22.48.53,256.40271,-25.902739,105.462601,0.0,0.0,-0.367041,0.930205
2023.09.21-22.48.53,256.40271,-25.902739,105.462601,0.0,0.0,-0.365611,0.930768
2023.09.21-22.48.53,256.40271,-25.902739,105.462601,0.0,0.0,-0.364047,0.931381
2023.09.21-22.48.53,256.40271,-25.902739,105.462601,0.0,0.0,-0.362555,0.931962
2023.09.21-22.48.53,256.40271,-25.902739,105.462601,0.0,0.0,-0.361268,0.932462
2023.09.21-22.48.53,256.40271,-25.902739,105.462601,0.0,0.0,-0.360374,0.932808
2023.09.21-22.48.53,256.40271,-25.902739,105.462601,0.0,0.0,-0.359514,0.93314
2023.09.21-22.48.53,256.40271,-25.902739,105.462601,0.0,0.0,-0.359134,0.933286
2023.09.21-22.48.53,256.40271,-25.902739,105.462601,0.0,0.0,-0.358479,0.933538
2023.09.21-22.48.53,256.40271,-25.902739,105.462601,0.0,0.0,-0.357752,0.933817
2023.09.21-22.48.53,256.40271,-25.902739,105.462601,0.0,0.0,-0.356995,0.934106
2023.09.21-22.48.53,256.40271,-25.902739,105.462601,0.0,0.0,-0.356186,0.934415
2023.09.21-22.48.53,256.40271,-25.902739,105.462601,0.0,0.0,-0.355724,0.934591
2023.09.21-22.48.53,256.40271,-25.902739,105.462601,0.0,0.0,-0.355571,0.934649
2023.09.21-22.48.53,256.40271,-25.902739,105.462601,0.0,0.0,-0.355584,0.934644
2023.09.21-22.48.53,256.40271,-25.902739,105.462601,0.0,0.0,-0.355762,0.934576
2023.09.21-22.48.53,256.40271,-25.902739,105.462601,0.0,0.0,-0.355549,0.934658
2023.09.21-22.48.53,256.40271,-25.902739,105.462601,0.0,0.0,-0.355251,0.934771
2023.09.21-22.48.53,256.40271,-25.902739,105.462601,0.0,0.0,-0.355007,0.934864
2023.09.21-22.48.53,256.40271,-25.902739,105.462601,0.0,0.0,-0.354905,0.934903
2023.09.21-22.48.53,256.40271,-25.902739,105.462601,0.0,0.0,-0.354977,0.934875
2023.09.21-22.48.53,256.40271,-25.902739,105.462601,0.0,0.0,-0.355254,0.93477
2023.09.21-22.48.53,256.40271,-25.902739,105.462601,0.0,0.0,-0.356005,0.934484
2023.09.21-22.48.53,256.40271,-25.902739,105.462601,0.0,0.0,-0.356738,0.934204
2023.09.21-22.48.53,256.40271,-25.902739,105.462601,0.0,0.0,-0.35739,0.933955
2023.09.21-22.48.53,256.40271,-25.902739,105.462601,0.0,0.0,-0.358172,0.933656
2023.09.21-22.48.53,256.40271,-25.902739,105.462601,0.0,0.0,-0.35902,0.93333
2023.09.21-22.48.53,256.40271,-25.902739,105.462601,0.0,0.0,-0.359961,0.932967
2023.09.21-22.48.53,256.40271,-25.902739,105.462601,0.0,0.0,-0.361058,0.932544
2023.09.21-22.48.53,256.40271,-25.902739,105.462601,0.0,0.0,-0.362067,0.932152
2023.09.21-22.48.53,256.40271,-25.902739,105.462601,0.0,0.0,-0.363433,0.93162
2023.09.21-22.48.53,256.40271,-25.902739,105.462601,0.0,0.0,-0.364562,0.931179
2023.09.21-22.48.53,256.40271,-25.902739,105.462601,0.0,0.0,-0.365718,0.930726
2023.09.21-22.48.53,256.40271,-25.902739,105.462601,0.0,0.0,-0.366716,0.930333
2023.09.21-22.48.53,256.40271,-25.902739,105.462601,0.0,0.0,-0.367934,0.929852
2023.09.21-22.48.53,256.40271,-25.902739,105.462601,0.0,0.0,-0.369087,0.929395
2023.09.21-22.48.53,256.40271,-25.902739,105.462601,0.0,0.0,-0.370373,0.928883
2023.09.21-22.48.53,256.40271,-25.902739,105.462601,0.0,0.0,-0.371474,0.928443
2023.09.21-22.48.53,256.40271,-25.902739,105.462601,0.0,0.0,-0.372715,0.927946
2023.09.21-22.48.53,256.40271,-25.902739,105.462601,0.0,0.0,-0.37393,0.927457
2023.09.21-22.48.53,256.40271,-25.902739,105.462601,0.0,0.0,-0.375217,0.926937
2023.09.21-22.48.54,256.40271,-25.902739,105.462601,0.0,0.0,-0.376396,0.926459
2023.09.21-22.48.54,256.40271,-25.902739,105.462601,0.0,0.0,-0.377446,0.926032
2023.09.21-22.48.54,256.40271,-25.902739,105.462601,0.0,0.0,-0.378362,0.925658
2023.09.21-22.48.54,256.40271,-25.902739,105.462601,0.0,0.0,-0.379241,0.925298
2023.09.21-22.48.54,256.40271,-25.902739,105.462601,0.0,0.0,-0.380073,0.924957
2023.09.21-22.48.54,256.40271,-25.902739,105.462601,0.0,0.0,-0.380952,0.924595
2023.09.21-22.48.54,256.40271,-25.902739,105.462601,0.0,0.0,-0.381778,0.924254
2023.09.21-22.48.54,256.40271,-25.902739,105.462601,0.0,0.0,-0.382613,0.923909
2023.09.21-22.48.54,256.40271,-25.902739,105.462601,0.0,0.0,-0.383461,0.923557
2023.09.21-22.48.54,256.40271,-25.902739,105.462601,0.0,0.0,-0.384363,0.923182
2023.09.21-22.48.54,256.40271,-25.902739,105.462601,0.0,0.0,-0.385329,0.922779
2023.09.21-22.48.54,256.40271,-25.902739,105.462601,0.0,0.0,-0.386262,0.922389
2023.09.21-22.48.54,256.40271,-25.902739,105.462601,0.0,0.0,-0.387196,0.921998
2023.09.21-22.48.54,256.40271,-25.902739,105.462601,0.0,0.0,-0.388046,0.92164
2023.09.21-22.48.54,256.40271,-25.902739,105.462601,0.0,0.0,-0.388963,0.921253
2023.09.21-22.48.54,256.40271,-25.902739,105.462601,0.0,0.0,-0.389912,0.920852
2023.09.21-22.48.54,256.40271,-25.902739,105.462601,0.0,0.0,-0.390928,0.920421
2023.09.21-22.48.54,256.40271,-25.902739,105.462601,0.0,0.0,-0.391848,0.92003
2023.09.21-22.48.54,256.40271,-25.902739,105.462601,0.0,0.0,-0.392831,0.919611
2023.09.21-22.48.54,256.40271,-25.902739,105.462601,0.0,0.0,-0.393763,0.919212
2023.09.21-22.48.54,256.40271,-25.902739,105.462601,0.0,0.0,-0.394602,0.918852
2023.09.21-22.48.54,256.40271,-25.902739,105.462601,0.0,0.0,-0.39529,0.918556
2023.09.21-22.48.54,256.40271,-25.902739,105.462601,0.0,0.0,-0.395902,0.918293
2023.09.21-22.48.54,256.40271,-25.902739,105.462601,0.0,0.0,-0.396248,0.918143
2023.09.21-22.48.54,256.40271,-25.902739,105.462601,0.0,0.0,-0.396337,0.918105
2023.09.21-22.48.54,256.40271,-25.902739,105.462601,0.0,0.0,-0.3964,0.918078
2023.09.21-22.48.54,256.40271,-25.902739,105.462601,0.0,0.0,-0.396298,0.918122
2023.09.21-22.48.54,256.40271,-25.902739,105.462601,0.0,0.0,-0.396203,0.918163
2023.09.21-22.48.54,256.40271,-25.902739,105.462601,0.0,0.0,-0.396088,0.918212
2023.09.21-22.48.54,256.40271,-25.902739,105.462601,0.0,0.0,-0.395821,0.918328
2023.09.21-22.48.54,256.40271,-25.902739,105.462601,0.0,0.0,-0.395483,0.918473
2023.09.21-22.48.54,256.40271,-25.902739,105.462601,0.0,0.0,-0.395073,0.91865
2023.09.21-22.48.54,256.40271,-25.902739,105.462601,0.0,0.0,-0.394599,0.918853
2023.09.21-22.48.54,256.40271,-25.902739,105.462601,0.0,0.0,-0.394035,0.919095
2023.09.21-22.48.54,256.40271,-25.902739,105.462601,0.0,0.0,-0.393386,0.919373
2023.09.21-22.48.54,256.40271,-25.902739,105.462601,0.0,0.0,-0.39259,0.919714
2023.09.21-22.48.54,256.40271,-25.902739,105.462601,0.0,0.0,-0.391957,0.919984
2023.09.21-22.48.54,256.40271,-25.902739,105.462601,0.0,0.0,-0.390604,0.920559
2023.09.21-22.48.54,256.40271,-25.902739,105.462601,0.0,0.0,-0.389737,0.920926
2023.09.21-22.48.54,256.40271,-25.902739,105.462601,0.0,0.0,-0.388889,0.921284
2023.09.21-22.48.54,256.40271,-25.902739,105.462601,0.0,0.0,-0.387883,0.921709
2023.09.21-22.48.54,256.40271,-25.902739,105.462601,0.0,0.0,-0.38689,0.922126
2023.09.21-22.48.54,256.40271,-25.902739,105.462601,0.0,0.0,-0.385746,0.922605
2023.09.21-22.48.54,256.40271,-25.902739,105.462601,0.0,0.0,-0.384483,0.923132
2023.09.21-22.48.54,256.40271,-25.902739,105.462601,0.0,0.0,-0.383195,0.923667
2023.09.21-22.48.54,256.40271,-25.902739,105.462601,0.0,0.0,-0.381881,0.924212
2023.09.21-22.48.54,256.40271,-25.902739,105.462601,0.0,0.0,-0.380486,0.924787
2023.09.21-22.48.54,256.40271,-25.902739,105.462601,0.0,0.0,-0.379173,0.925326
2023.09.21-22.48.54,256.40271,-25.902739,105.462601,0.0,0.0,-0.377717,0.925921
2023.09.21-22.48.54,256.40271,-25.902739,105.462601,0.0,0.0,-0.376339,0.926482
2023.09.21-22.48.54,256.40271,-25.902739,105.462601,0.0,0.0,-0.374861,0.927081
2023.09.21-22.48.54,256.40271,-25.902739,105.462601,0.0,0.0,-0.373389,0.927675
2023.09.21-22.48.54,256.40271,-25.902739,105.462601,0.0,0.0,-0.371786,0.928319
2023.09.21-22.48.54,256.40271,-25.902739,105.462601,0.0,0.0,-0.370086,0.928997
2023.09.21-22.48.54,256.40271,-25.902739,105.462601,0.0,0.0,-0.368282,0.929714
2023.09.21-22.48.54,256.40271,-25.902739,105.462601,0.0,0.0,-0.36654,0.930402
2023.09.21-22.48.54,256.40271,-25.902739,105.462601,0.0,0.0,-0.364787,0.931091
2023.09.21-22.48.54,256.40271,-25.902739,105.462601,0.0,0.0,-0.362982,0.931796
2023.09.21-22.48.54,256.40271,-25.902739,105.462601,0.0,0.0,-0.360956,0.932583
2023.09.21-22.48.54,256.40271,-25.902739,105.462601,0.0,0.0,-0.358878,0.933384
2023.09.21-22.48.54,256.40271,-25.902739,105.462601,0.0,0.0,-0.356689,0.934223
2023.09.21-22.48.54,256.40271,-25.902739,105.462601,0.0,0.0,-0.354707,0.934978
2023.09.21-22.48.54,256.40271,-25.902739,105.462601,0.0,0.0,-0.352742,0.935721
2023.09.21-22.48.54,256.40271,-25.902739,105.462601,0.0,0.0,-0.351028,0.936365
2023.09.21-22.48.54,256.40271,-25.902739,105.462601,0.0,0.0,-0.34934,0.936996
2023.09.21-22.48.54,256.40271,-25.902739,105.462601,0.0,0.0,-0.347483,0.937686
2023.09.21-22.48.54,256.40271,-25.902739,105.462601,0.0,0.0,-0.345658,0.938361
2023.09.21-22.48.54,256.40271,-25.902739,105.462601,0.0,0.0,-0.344027,0.93896
2023.09.21-22.48.54,256.40271,-25.902739,105.462601,0.0,0.0,-0.342433,0.939542
2023.09.21-22.48.54,256.40271,-25.902739,105.462601,0.0,0.0,-0.341024,0.940055
2023.09.21-22.48.54,256.40271,-25.902739,105.462601,0.0,0.0,-0.340008,0.940423
2023.09.21-22.48.55,256.40271,-25.902739,105.462601,0.0,0.0,-0.338774,0.940868
2023.09.21-22.48.55,256.40271,-25.902739,105.462601,0.0,0.0,-0.337432,0.94135
2023.09.21-22.48.55,256.40271,-25.902739,105.462601,0.0,0.0,-0.335877,0.941906
2023.09.21-22.48.55,256.40271,-25.902739,105.462601,0.0,0.0,-0.334344,0.942451
2023.09.21-22.48.55,256.40271,-25.902739,105.462601,0.0,0.0,-0.332848,0.942981
2023.09.21-22.48.55,256.40271,-25.902739,105.462601,0.0,0.0,-0.331702,0.943384
2023.09.21-22.48.55,256.40271,-25.902739,105.462601,0.0,0.0,-0.330857,0.943681
2023.09.21-22.48.55,256.40271,-25.902739,105.462601,0.0,0.0,-0.330217,0.943905
2023.09.21-22.48.55,256.40271,-25.902739,105.462601,0.0,0.0,-0.32939,0.944194
2023.09.21-22.48.55,256.40271,-25.902739,105.462601,0.0,0.0,-0.328421,0.944532
2023.09.21-22.48.55,256.40271,-25.902739,105.462601,0.0,0.0,-0.327628,0.944807
2023.09.21-22.48.55,256.40271,-25.902739,105.462601,0.0,0.0,-0.326797,0.945094
2023.09.21-22.48.55,256.40271,-25.902739,105.462601,0.0,0.0,-0.326118,0.945329
2023.09.21-22.48.55,256.40271,-25.902739,105.462601,0.0,0.0,-0.32545,0.945559
2023.09.21-22.48.55,256.40271,-25.902739,105.462601,0.0,0.0,-0.324925,0.94574
2023.09.21-22.48.55,256.40271,-25.902739,105.462601,0.0,0.0,-0.324365,0.945932
2023.09.21-22.48.55,256.40271,-25.902739,105.462601,0.0,0.0,-0.323834,0.946114
2023.09.21-22.48.55,256.40271,-25.902739,105.462601,0.0,0.0,-0.323618,0.946188
2023.09.21-22.48.55,256.40271,-25.902739,105.462601,0.0,0.0,-0.323407,0.94626
2023.09.21-22.48.55,256.40271,-25.902739,105.462601,0.0,0.0,-0.323129,0.946355
2023.09.21-22.48.55,256.40271,-25.902739,105.462601,0.0,0.0,-0.323044,0.946384
2023.09.21-22.48.55,256.40271,-25.902739,105.462601,0.0,0.0,-0.322936,0.946421
2023.09.21-22.48.55,256.40271,-25.902739,105.462601,0.0,0.0,-0.32304,0.946385
2023.09.21-22.48.55,256.40271,-25.902739,105.462601,0.0,0.0,-0.323375,0.946271
2023.09.21-22.48.55,256.40271,-25.902739,105.462601,0.0,0.0,-0.32371,0.946156
2023.09.21-22.48.55,256.40271,-25.902739,105.462601,0.0,0.0,-0.324274,0.945963
2023.09.21-22.48.55,256.40271,-25.902739,105.462601,0.0,0.0,-0.324835,0.945771
2023.09.21-22.48.55,256.40271,-25.902739,105.462601,0.0,0.0,-0.325544,0.945527
2023.09.21-22.48.55,256.40271,-25.902739,105.462601,0.0,0.0,-0.326423,0.945224
2023.09.21-22.48.55,256.40271,-25.902739,105.462601,0.0,0.0,-0.327261,0.944934
2023.09.21-22.48.55,256.40271,-25.902739,105.462601,0.0,0.0,-0.328126,0.944634
2023.09.21-22.48.55,256.40271,-25.902739,105.462601,0.0,0.0,-0.329058,0.94431
2023.09.21-22.48.55,256.40271,-25.902739,105.462601,0.0,0.0,-0.330143,0.943931
2023.09.21-22.48.55,256.40271,-25.902739,105.462601,0.0,0.0,-0.331215,0.943555
2023.09.21-22.48.55,256.40271,-25.902739,105.462601,0.0,0.0,-0.332252,0.943191
2023.09.21-22.48.55,256.40271,-25.902739,105.462601,0.0,0.0,-0.333396,0.942787
2023.09.21-22.48.55,256.40271,-25.902739,105.462601,0.0,0.0,-0.334747,0.942308
2023.09.21-22.48.55,256.40271,-25.902739,105.462601,0.0,0.0,-0.336176,0.941799
2023.09.21-22.48.55,256.40271,-25.902739,105.462601,0.0,0.0,-0.337719,0.941247
2023.09.21-22.48.55,256.40271,-25.902739,105.462601,0.0,0.0,-0.339169,0.940725
2023.09.21-22.48.55,256.40271,-25.902739,105.462601,0.0,0.0,-0.340633,0.940196
2023.09.21-22.48.55,256.40271,-25.902739,105.462601,0.0,0.0,-0.342084,0.939669
2023.09.21-22.48.55,256.40271,-25.902739,105.462601,0.0,0.0,-0.34374,0.939065
2023.09.21-22.48.55,256.40271,-25.902739,105.462601,0.0,0.0,-0.34537,0.938467
2023.09.21-22.48.55,256.40271,-25.902739,105.462601,0.0,0.0,-0.347108,0.937825
2023.09.21-22.48.55,256.40271,-25.902739,105.462601,0.0,0.0,-0.34878,0.937205
2023.09.21-22.48.55,256.40271,-25.902739,105.462601,0.0,0.0,-0.350331,0.936626
2023.09.21-22.48.55,256.40271,-25.902739,105.462601,0.0,0.0,-0.352052,0.93598
2023.09.21-22.48.55,256.40271,-25.902739,105.462601,0.0,0.0,-0.353733,0.935346
2023.09.21-22.48.55,256.40271,-25.902739,105.462601,0.0,0.0,-0.355365,0.934728
2023.09.21-22.48.55,256.40271,-25.902739,105.462601,0.0,0.0,-0.357004,0.934103
2023.09.21-22.48.55,256.40271,-25.902739,105.462601,0.0,0.0,-0.358385,0.933574
2023.09.21-22.48.55,256.40271,-25.902739,105.462601,0.0,0.0,-0.359654,0.933086
2023.09.21-22.48.55,256.40271,-25.902739,105.462601,0.0,0.0,-0.361081,0.932534
2023.09.21-22.48.55,256.40271,-25.902739,105.462601,0.0,0.0,-0.36232,0.932054
2023.09.21-22.48.55,256.40271,-25.902739,105.462601,0.0,0.0,-0.363552,0.931574
2023.09.21-22.48.55,256.40271,-25.902739,105.462601,0.0,0.0,-0.364705,0.931123
2023.09.21-22.48.55,256.40271,-25.902739,105.462601,0.0,0.0,-0.365732,0.93072
2023.09.21-22.48.55,256.40271,-25.902739,105.462601,0.0,0.0,-0.366729,0.930328
2023.09.21-22.48.55,256.40271,-25.902739,105.462601,0.0,0.0,-0.367857,0.929882
2023.09.21-22.48.55,256.40271,-25.902739,105.462601,0.0,0.0,-0.368873,0.92948
2023.09.21-22.48.55,256.40271,-25.902739,105.462601,0.0,0.0,-0.369985,0.929038
2023.09.21-22.48.55,256.40271,-25.902739,105.462601,0.0,0.0,-0.370933,0.92866
2023.09.21-22.48.55,256.40271,-25.902739,105.462601,0.0,0.0,-0.371716,0.928346
2023.09.21-22.48.55,256.40271,-25.902739,105.462601,0.0,0.0,-0.372708,0.927949
2023.09.21-22.48.55,256.40271,-25.902739,105.462601,0.0,0.0,-0.373522,0.927621
2023.09.21-22.48.55,256.40271,-25.902739,105.462601,0.0,0.0,-0.374355,0.927285
2023.09.21-22.48.55,256.40271,-25.902739,105.462601,0.0,0.0,-0.375331,0.926891
2023.09.21-22.48.55,256.40271,-25.902739,105.462601,0.0,0.0,-0.376276,0.926508
2023.09.21-22.48.55,256.40271,-25.902739,105.462601,0.0,0.0,-0.377198,0.926133
2023.09.21-22.48.55,256.40271,-25.902739,105.462601,0.0,0.0,-0.378151,0.925744
2023.09.21-22.48.56,256.40271,-25.902739,105.462601,0.0,0.0,-0.379089,0.92536
2023.09.21-22.48.56,256.40271,-25.902739,105.462601,0.0,0.0,-0.380105,0.924943
2023.09.21-22.48.56,256.40271,-25.902739,105.462601,0.0,0.0,-0.381142,0.924517
2023.09.21-22.48.56,256.40271,-25.902739,105.462601,0.0,0.0,-0.382171,0.924091
2023.09.21-22.48.56,256.40271,-25.902739,105.462601,0.0,0.0,-0.383105,0.923705
2023.09.21-22.48.56,256.40271,-25.902739,105.462601,0.0,0.0,-0.383886,0.923381
2023.09.21-22.48.56,256.40271,-25.902739,105.462601,0.0,0.0,-0.384616,0.923077
2023.09.21-22.48.56,256.40271,-25.902739,105.462601,0.0,0.0,-0.385157,0.922851
2023.09.21-22.48.56,256.40271,-25.902739,105.462601,0.0,0.0,-0.385404,0.922748
2023.09.21-22.48.56,256.40271,-25.902739,105.462601,0.0,0.0,-0.385657,0.922642
2023.09.21-22.48.56,256.40271,-25.902739,105.462601,0.0,0.0,-0.385769,0.922595
2023.09.21-22.48.56,256.40271,-25.902739,105.462601,0.0,0.0,-0.385888,0.922545
2023.09.21-22.48.56,256.40271,-25.902739,105.462601,0.0,0.0,-0.386133,0.922443
2023.09.21-22.48.56,256.40271,-25.902739,105.462601,0.0,0.0,-0.386414,0.922325
2023.09.21-22.48.56,256.40271,-25.902739,105.462601,0.0,0.0,-0.386733,0.922192
2023.09.21-22.48.56,256.40271,-25.902739,105.462601,0.0,0.0,-0.386976,0.92209
2023.09.21-22.48.56,256.40271,-25.902739,105.462601,0.0,0.0,-0.387058,0.922055
2023.09.21-22.48.56,256.40271,-25.902739,105.462601,0.0,0.0,-0.386939,0.922105
2023.09.21-22.48.56,256.40271,-25.902739,105.462601,0.0,0.0,-0.386598,0.922248
2023.09.21-22.48.56,256.40271,-25.902739,105.462601,0.0,0.0,-0.385502,0.922707
2023.09.21-22.48.56,256.40271,-25.902739,105.462601,0.0,0.0,-0.385048,0.922897
2023.09.21-22.48.56,256.40271,-25.902739,105.462601,0.0,0.0,-0.384247,0.92323
2023.09.21-22.48.56,256.40271,-25.902739,105.462601,0.0,0.0,-0.383493,0.923544
2023.09.21-22.48.56,256.40271,-25.902739,105.462601,0.0,0.0,-0.382415,0.923991
2023.09.21-22.48.56,256.40271,-25.902739,105.462601,0.0,0.0,-0.381543,0.924351
2023.09.21-22.48.56,256.40271,-25.902739,105.462601,0.0,0.0,-0.380503,0.92478
2023.09.21-22.48.56,256.40271,-25.902739,105.462601,0.0,0.0,-0.379321,0.925265
2023.09.21-22.48.56,256.40271,-25.902739,105.462601,0.0,0.0,-0.378693,0.925522
2023.09.21-22.48.56,256.40271,-25.902739,105.462601,0.0,0.0,-0.379053,0.925375
2023.09.21-22.48.56,256.40271,-25.902739,105.462601,0.0,0.0,-0.378935,0.925423
2023.09.21-22.48.56,256.40271,-25.902739,105.462601,0.0,0.0,-0.376472,0.926428
2023.09.21-22.48.56,256.40271,-25.902739,105.462601,0.0,0.0,-0.374024,0.927419
2023.09.21-22.48.56,256.40271,-25.902739,105.462601,0.0,0.0,-0.372036,0.928218
2023.09.21-22.48.56,256.40271,-25.902739,105.462601,0.0,0.0,-0.369996,0.929033
2023.09.21-22.48.56,256.40271,-25.902739,105.462601,0.0,0.0,-0.367969,0.929838
2023.09.21-22.48.56,256.40271,-25.902739,105.462601,0.0,0.0,-0.366785,0.930306
2023.09.21-22.48.56,256.40271,-25.902739,105.462601,0.0,0.0,-0.363469,0.931606
2023.09.21-22.48.56,256.40271,-25.902739,105.462601,0.0,0.0,-0.361191,0.932492
2023.09.21-22.48.56,256.40271,-25.902739,105.462601,0.0,0.0,-0.358784,0.933421
2023.09.21-22.48.56,256.40271,-25.902739,105.462601,0.0,0.0,-0.356727,0.934209
2023.09.21-22.48.56,256.40271,-25.902739,105.462601,0.0,0.0,-0.354584,0.935024
2023.09.21-22.48.56,256.40271,-25.902739,105.462601,0.0,0.0,-0.352406,0.935847
2023.09.21-22.48.56,256.40271,-25.902739,105.462601,0.0,0.0,-0.350105,0.93671
2023.09.21-22.48.56,256.40271,-25.902739,105.462601,0.0,0.0,-0.347752,0.937587
2023.09.21-22.48.56,256.40271,-25.902739,105.462601,0.0,0.0,-0.345321,0.938484
2023.09.21-22.48.56,256.40271,-25.902739,105.462601,0.0,0.0,-0.342811,0.939404
2023.09.21-22.48.56,256.40271,-25.902739,105.462601,0.0,0.0,-0.34027,0.940328
2023.09.21-22.48.56,256.40271,-25.902739,105.462601,0.0,0.0,-0.338397,0.941003
2023.09.21-22.48.56,256.40271,-25.902739,105.462601,0.0,0.0,-0.336533,0.941672
2023.09.21-22.48.56,256.40271,-25.902739,105.462601,0.0,0.0,-0.334426,0.942422
2023.09.21-22.48.56,256.40271,-25.902739,105.462601,0.0,0.0,-0.332082,0.94325
2023.09.21-22.48.56,256.40271,-25.902739,105.462601,0.0,0.0,-0.329834,0.944039
2023.09.21-22.48.56,256.40271,-25.902739,105.462601,0.0,0.0,-0.328222,0.9446
2023.09.21-22.48.56,256.40271,-25.902739,105.462601,0.0,0.0,-0.326979,0.945032
2023.09.21-22.48.56,256.40271,-25.902739,105.462601,0.0,0.0,-0.326072,0.945345
2023.09.21-22.48.56,256.40271,-25.902739,105.462601,0.0,0.0,-0.32525,0.945628
2023.09.21-22.48.56,256.40271,-25.902739,105.462601,0.0,0.0,-0.32425,0.945971
2023.09.21-22.48.56,256.40271,-25.902739,105.462601,0.0,0.0,-0.323246,0.946315
2023.09.21-22.48.56,256.40271,-25.902739,105.462601,0.0,0.0,-0.322483,0.946575
2023.09.21-22.48.56,256.40271,-25.902739,105.462601,0.0,0.0,-0.321713,0.946837
2023.09.21-22.48.56,256.40271,-25.902739,105.462601,0.0,0.0,-0.321038,0.947066
2023.09.21-22.48.56,256.40271,-25.902739,105.462601,0.0,0.0,-0.320436,0.94727
2023.09.21-22.48.56,256.40271,-25.902739,105.462601,0.0,0.0,-0.320035,0.947406
2023.09.21-22.48.56,256.40271,-25.902739,105.462601,0.0,0.0,-0.319463,0.947599
2023.09.21-22.48.56,256.40271,-25.902739,105.462601,0.0,0.0,-0.318982,0.947761
2023.09.21-22.48.56,256.40271,-25.902739,105.462601,0.0,0.0,-0.318528,0.947914
2023.09.21-22.48.56,256.40271,-25.902739,105.462601,0.0,0.0,-0.317917,0.948118
2023.09.21-22.48.56,256.40271,-25.902739,105.462601,0.0,0.0,-0.317313,0.948321
2023.09.21-22.48.56,256.40271,-25.902739,105.462601,0.0,0.0,-0.316743,0.948511
2023.09.21-22.48.56,256.40271,-25.902739,105.462601,0.0,0.0,-0.316104,0.948725
2023.09.21-22.48.57,256.40271,-25.902739,105.462601,0.0,0.0,-0.315343,0.948978
2023.09.21-22.48.57,256.40271,-25.902739,105.462601,0.0,0.0,-0.314454,0.949273
2023.09.21-22.48.57,256.40271,-25.902739,105.462601,0.0,0.0,-0.313487,0.949593
2023.09.21-22.48.57,256.40271,-25.902739,105.462601,0.0,0.0,-0.312582,0.949891
2023.09.21-22.48.57,256.40271,-25.902739,105.462601,0.0,0.0,-0.311814,0.950143
2023.09.21-22.48.57,256.40271,-25.902739,105.462601,0.0,0.0,-0.311191,0.950347
2023.09.21-22.48.57,256.40271,-25.902739,105.462601,0.0,0.0,-0.310724,0.9505
2023.09.21-22.48.57,256.40271,-25.902739,105.462601,0.0,0.0,-0.310769,0.950486
2023.09.21-22.48.57,256.40271,-25.902739,105.462601,0.0,0.0,-0.311475,0.950254
2023.09.21-22.48.57,256.40271,-25.902739,105.462601,0.0,0.0,-0.311942,0.950101
2023.09.21-22.48.57,256.40271,-25.902739,105.462601,0.0,0.0,-0.31217,0.950026
2023.09.21-22.48.57,256.40271,-25.902739,105.462601,0.0,0.0,-0.31225,0.95
2023.09.21-22.48.57,256.40271,-25.902739,105.462601,0.0,0.0,-0.312216,0.950011
2023.09.21-22.48.57,256.40271,-25.902739,105.462601,0.0,0.0,-0.312277,0.949991
2023.09.21-22.48.57,256.40271,-25.902739,105.462601,0.0,0.0,-0.312668,0.949862
2023.09.21-22.48.57,256.40271,-25.902739,105.462601,0.0,0.0,-0.31336,0.949634
2023.09.21-22.48.57,256.40271,-25.902739,105.462601,0.0,0.0,-0.314435,0.949279
2023.09.21-22.48.57,256.40271,-25.902739,105.462601,0.0,0.0,-0.315442,0.948945
2023.09.21-22.48.57,256.40271,-25.902739,105.462601,0.0,0.0,-0.316585,0.948564
2023.09.21-22.48.57,256.40271,-25.902739,105.462601,0.0,0.0,-0.317432,0.948281
2023.09.21-22.48.57,256.40271,-25.902739,105.462601,0.0,0.0,-0.318066,0.948069
2023.09.21-22.48.57,256.40271,-25.902739,105.462601,0.0,0.0,-0.318922,0.947781
2023.09.21-22.48.57,256.40271,-25.902739,105.462601,0.0,0.0,-0.319886,0.947456
2023.09.21-22.48.57,256.40271,-25.902739,105.462601,0.0,0.0,-0.321277,0.946985
2023.09.21-22.48.57,256.40271,-25.902739,105.462601,0.0,0.0,-0.323019,0.946393
2023.09.21-22.48.57,256.40271,-25.902739,105.462601,0.0,0.0,-0.324681,0.945824
2023.09.21-22.48.57,256.40271,-25.902739,105.462601,0.0,0.0,-0.326108,0.945332
2023.09.21-22.48.57,256.40271,-25.902739,105.462601,0.0,0.0,-0.327276,0.944929
2023.09.21-22.48.57,256.40271,-25.902739,105.462601,0.0,0.0,-0.328554,0.944485
2023.09.21-22.48.57,256.40271,-25.902739,105.462601,0.0,0.0,-0.329999,0.943981
2023.09.21-22.48.57,256.40271,-25.902739,105.462601,0.0,0.0,-0.331797,0.943351
2023.09.21-22.48.57,256.40271,-25.902739,105.462601,0.0,0.0,-0.333579,0.942722
2023.09.21-22.48.57,256.40271,-25.902739,105.462601,0.0,0.0,-0.335255,0.942127
2023.09.21-22.48.57,256.40271,-25.902739,105.462601,0.0,0.0,-0.336829,0.941566
2023.09.21-22.48.57,256.40271,-25.902739,105.462601,0.0,0.0,-0.338406,0.941
2023.09.21-22.48.57,256.40271,-25.902739,105.462601,0.0,0.0,-0.340018,0.940419
2023.09.21-22.48.57,256.40271,-25.902739,105.462601,0.0,0.0,-0.3417,0.939809
2023.09.21-22.48.57,256.40271,-25.902739,105.462601,0.0,0.0,-0.343318,0.939219
2023.09.21-22.48.57,256.40271,-25.902739,105.462601,0.0,0.0,-0.3449,0.938639
2023.09.21-22.48.57,256.40271,-25.902739,105.462601,0.0,0.0,-0.345787,0.938313
2023.09.21-22.48.57,256.40271,-25.902739,105.462601,0.0,0.0,-0.347983,0.937501
2023.09.21-22.48.57,256.40271,-25.902739,105.462601,0.0,0.0,-0.349723,0.936853
2023.09.21-22.48.57,256.40271,-25.902739,105.462601,0.0,0.0,-0.351056,0.936355
2023.09.21-22.48.57,256.40271,-25.902739,105.462601,0.0,0.0,-0.352365,0.935862
2023.09.21-22.48.57,256.40271,-25.902739,105.462601,0.0,0.0,-0.353584,0.935403
2023.09.21-22.48.57,256.40271,-25.902739,105.462601,0.0,0.0,-0.354744,0.934963
2023.09.21-22.48.57,256.40271,-25.902739,105.462601,0.0,0.0,-0.354739,0.934965
2023.09.21-22.48.57,256.40271,-25.902739,105.462601,0.0,0.0,-0.355936,0.93451
2023.09.21-22.48.57,256.40271,-25.902739,105.462601,0.0,0.0,-0.357101,0.934066
2023.09.21-22.48.57,256.40271,-25.902739,105.462601,0.0,0.0,-0.358218,0.933638
2023.09.21-22.48.57,256.40271,-25.902739,105.462601,0.0,0.0,-0.359314,0.933217
2023.09.21-22.48.57,256.40271,-25.902739,105.462601,0.0,0.0,-0.360368,0.93281
2023.09.21-22.48.57,256.40271,-25.902739,105.462601,0.0,0.0,-0.361421,0.932403
2023.09.21-22.48.57,256.40271,-25.902739,105.462601,0.0,0.0,-0.362399,0.932023
2023.09.21-22.48.57,256.40271,-25.902739,105.462601,0.0,0.0,-0.363375,0.931643
2023.09.21-22.48.57,256.40271,-25.902739,105.462601,0.0,0.0,-0.364351,0.931262
2023.09.21-22.48.57,256.40271,-25.902739,105.462601,0.0,0.0,-0.365307,0.930887
2023.09.21-22.48.57,256.40271,-25.902739,105.462601,0.0,0.0,-0.366301,0.930496
2023.09.21-22.48.57,256.40271,-25.902739,105.462601,0.0,0.0,-0.367291,0.930106
2023.09.21-22.48.57,256.40271,-25.902739,105.462601,0.0,0.0,-0.368344,0.92969
2023.09.21-22.48.57,256.40271,-25.902739,105.462601,0.0,0.0,-0.369402,0.92927
2023.09.21-22.48.57,256.40271,-25.902739,105.462601,0.0,0.0,-0.370316,0.928906
2023.09.21-22.48.57,256.40271,-25.902739,105.462601,0.0,0.0,-0.37137,0.928485
2023.09.21-22.48.57,256.40271,-25.902739,105.462601,0.0,0.0,-0.372375,0.928082
2023.09.21-22.48.57,256.40271,-25.902739,105.462601,0.0,0.0,-0.373285,0.927717
2023.09.21-22.48.57,256.40271,-25.902739,105.462601,0.0,0.0,-0.37411,0.927384
2023.09.21-22.48.57,256.40271,-25.902739,105.462601,0.0,0.0,-0.374969,0.927037
2023.09.21-22.48.57,256.40271,-25.902739,105.462601,0.0,0.0,-0.375752,0.92672
2023.09.21-22.48.57,256.40271,-25.902739,105.462601,0.0,0.0,-0.376458,0.926434
2023.09.21-22.48.57,256.40271,-25.902739,105.462601,0.0,0.0,-0.37711,0.926168
2023.09.21-22.48.57,256.40271,-25.902739,105.462601,0.0,0.0,-0.37765,0.925948
2023.09.21-22.48.57,256.40271,-25.902739,105.462601,0.0,0.0,-0.378038,0.92579
2023.09.21-22.48.58,256.40271,-25.902739,105.462601,0.0,0.0,-0.378361,0.925658
2023.09.21-22.48.58,256.40271,-25.902739,105.462601,0.0,0.0,-0.37846,0.925618
2023.09.21-22.48.58,256.40271,-25.902739,105.462601,0.0,0.0,-0.378595,0.925563
2023.09.21-22.48.58,256.40271,-25.902739,105.462601,0.0,0.0,-0.378645,0.925542
2023.09.21-22.48.58,256.40271,-25.902739,105.462601,0.0,0.0,-0.378666,0.925533
2023.09.21-22.48.58,256.40271,-25.902739,105.462601,0.0,0.0,-0.378767,0.925492
2023.09.21-22.48.58,256.40271,-25.902739,105.462601,0.0,0.0,-0.378819,0.925471
2023.09.21-22.48.58,256.40271,-25.902739,105.462601,0.0,0.0,-0.378785,0.925485
2023.09.21-22.48.58,256.40271,-25.902739,105.462601,0.0,0.0,-0.378681,0.925527
2023.09.21-22.48.58,256.40271,-25.902739,105.462601,0.0,0.0,-0.378385,0.925648
2023.09.21-22.48.58,256.40271,-25.902739,105.462601,0.0,0.0,-0.378004,0.925804
2023.09.21-22.48.58,256.40271,-25.902739,105.462601,0.0,0.0,-0.37751,0.926006
2023.09.21-22.48.58,256.40271,-25.902739,105.462601,0.0,0.0,-0.376986,0.926219
2023.09.21-22.48.58,256.40271,-25.902739,105.462601,0.0,0.0,-0.376436,0.926443
