2023.09.21-22.50.45,332.299774,-199.500061,52.200001,0.0,0.0,0.707108,0.707106
2023.09.21-22.50.45,332.296021,-199.500061,52.200001,0.0,0.0,0.707108,0.707106
2023.09.21-22.50.45,332.289825,-199.500061,52.200001,0.0,0.0,0.707108,0.707106
2023.09.21-22.50.45,332.290527,-199.500061,52.200001,0.0,0.0,0.707108,0.707106
2023.09.21-22.50.45,332.293427,-199.500061,52.200001,0.0,0.0,0.707108,0.707106
2023.09.21-22.50.45,332.29538,-199.500061,52.200001,0.0,0.0,0.707108,0.707106
2023.09.21-22.50.45,332.295197,-199.500061,52.200001,0.0,0.0,0.707108,0.707106
2023.09.21-22.50.45,332.294434,-199.500061,52.200001,0.0,0.0,0.707108,0.707106
2023.09.21-22.50.45,332.283875,-199.500061,52.200001,0.0,0.0,0.707108,0.707106
2023.09.21-22.50.45,332.250824,-199.500061,52.200001,0.0,0.0,0.707108,0.707106
2023.09.21-22.50.45,332.213837,-199.500061,52.200001,0.0,0.0,0.707108,0.707106
2023.09.21-22.50.45,332.176422,-199.500061,52.200001,0.0,0.0,0.707108,0.707106
2023.09.21-22.50.45,332.104919,-199.500061,52.200001,0.0,0.0,0.707108,0.707106
2023.09.21-22.50.45,332.02066,-199.500061,52.200001,0.0,0.0,0.707108,0.707106
2023.09.21-22.50.45,331.931702,-199.500061,52.200001,0.0,0.0,0.707108,0.707106
2023.09.21-22.50.45,331.843506,-199.500061,52.200001,0.0,0.0,0.707108,0.707106
2023.09.21-22.50.45,331.759247,-199.500061,52.200001,0.0,0.0,0.707108,0.707106
2023.09.21-22.50.45,331.676697,-199.500061,52.200001,0.0,0.0,0.707108,0.707106
2023.09.21-22.50.45,331.568237,-199.500061,52.200001,0.0,0.0,0.707108,0.707106
2023.09.21-22.50.45,331.432953,-199.500061,52.200001,0.0,0.0,0.707108,0.707106
2023.09.21-22.50.45,331.285004,-199.500076,52.200001,0.0,0.0,0.707108,0.707106
2023.09.21-22.50.45,331.105072,-199.500076,52.200001,0.0,0.0,0.707108,0.707106
2023.09.21-22.50.45,330.878235,-199.500076,52.200001,0.0,0.0,0.707108,0.707106
2023.09.21-22.50.45,330.726898,-199.500076,52.200001,0.0,0.0,0.707108,0.707106
2023.09.21-22.50.45,330.521515,-199.500076,52.200001,0.0,0.0,0.707108,0.707106
2023.09.21-22.50.45,330.288239,-199.500076,52.200001,0.0,0.0,0.707108,0.707106
2023.09.21-22.50.45,330.00589,-199.500076,52.200001,0.0,0.0,0.707108,0.707106
2023.09.21-22.50.45,329.776459,-199.500076,52.200001,0.0,0.0,0.707108,0.707106
2023.09.21-22.50.45,329.493408,-199.500076,52.200001,0.0,0.0,0.707108,0.707106
2023.09.21-22.50.45,329.202515,-199.500076,52.200001,0.0,0.0,0.707108,0.707106
2023.09.21-22.50.46,328.900787,-199.500076,52.200001,0.0,0.0,0.707108,0.707106
2023.09.21-22.50.46,328.608978,-199.500076,52.200001,0.0,0.0,0.707108,0.707106
2023.09.21-22.50.46,328.333588,-199.500076,52.200001,0.0,0.0,0.707108,0.707106
2023.09.21-22.50.46,328.052643,-199.500076,52.200001,0.0,0.0,0.707108,0.707106
2023.09.21-22.50.46,327.805023,-199.500076,52.200001,0.0,0.0,0.707108,0.707106
2023.09.21-22.50.46,327.566528,-199.500076,52.200001,0.0,0.0,0.707108,0.707106
2023.09.21-22.50.46,327.334991,-199.500076,52.200001,0.0,0.0,0.707108,0.707106
2023.09.21-22.50.46,326.954834,-199.500092,52.200001,0.0,0.0,0.707108,0.707106
2023.09.21-22.50.46,326.803925,-199.500092,52.200001,0.0,0.0,0.707108,0.707106
2023.09.21-22.50.46,326.642456,-199.500092,52.200001,0.0,0.0,0.707108,0.707106
2023.09.21-22.50.46,326.592621,-199.500092,52.200001,0.0,0.0,0.707108,0.707106
2023.09.21-22.50.46,326.559052,-199.500092,52.200001,0.0,0.0,0.707108,0.707106
2023.09.21-22.50.46,326.533569,-199.500092,52.200001,0.0,0.0,0.707108,0.707106
2023.09.21-22.50.46,326.527222,-199.500092,52.200001,0.0,0.0,0.707108,0.707106
2023.09.21-22.50.46,326.526184,-199.500092,52.200001,0.0,0.0,0.707108,0.707106
2023.09.21-22.50.46,326.519379,-199.500092,52.200001,0.0,0.0,0.707108,0.707106
2023.09.21-22.50.46,326.537659,-199.500092,52.200001,0.0,0.0,0.707108,0.707106
2023.09.21-22.50.46,326.558136,-199.500092,52.200001,0.0,0.0,0.707108,0.707106
2023.09.21-22.50.46,326.612061,-199.500092,52.200001,0.0,0.0,0.707108,0.707106
2023.09.21-22.50.46,326.663757,-199.500092,52.200001,0.0,0.0,0.707108,0.707106
2023.09.21-22.50.46,326.710052,-199.500092,52.200001,0.0,0.0,0.707108,0.707106
2023.09.21-22.50.46,326.732758,-199.500092,52.200001,0.0,0.0,0.707108,0.707106
2023.09.21-22.50.46,326.768188,-199.500092,52.200001,0.0,0.0,0.707108,0.707106
2023.09.21-22.50.46,326.85672,-199.500092,52.200001,0.0,0.0,0.707108,0.707106
2023.09.21-22.50.46,326.910126,-199.500092,52.200001,0.0,0.0,0.707108,0.707106
2023.09.21-22.50.46,326.966309,-199.500092,52.200001,0.0,0.0,0.707108,0.707106
2023.09.21-22.50.46,327.022095,-199.500092,52.200001,0.0,0.0,0.707108,0.707106
2023.09.21-22.50.46,327.073669,-199.500092,52.200001,0.0,0.0,0.707108,0.707106
2023.09.21-22.50.46,327.12793,-199.500092,52.200001,0.0,0.0,0.707108,0.707106
2023.09.21-22.50.46,327.189728,-199.500076,52.200001,0.0,0.0,0.707108,0.707106
2023.09.21-22.50.46,327.282684,-199.500076,52.200001,0.0,0.0,0.707108,0.707106
2023.09.21-22.50.46,327.398041,-199.500076,52.200001,0.0,0.0,0.707108,0.707106
2023.09.21-22.50.46,327.509491,-199.500076,52.200001,0.0,0.0,0.707108,0.707106
2023.09.21-22.50.46,327.644379,-199.500076,52.200001,0.0,0.0,0.707108,0.707106
2023.09.21-22.50.46,327.784485,-199.500076,52.200001,0.0,0.0,0.707108,0.707106
2023.09.21-22.50.46,327.922485,-199.500076,52.200001,0.0,0.0,0.707108,0.707106
2023.09.21-22.50.46,328.086151,-199.500076,52.200001,0.0,0.0,0.707108,0.707106
2023.09.21-22.50.46,328.266602,-199.500076,52.200001,0.0,0.0,0.707108,0.707106
2023.09.21-22.50.47,328.437378,-199.500076,52.200001,0.0,0.0,0.707108,0.707106
2023.09.21-22.50.47,328.573029,-199.500076,52.200001,0.0,0.0,0.707108,0.707106
2023.09.21-22.50.47,328.704742,-199.500076,52.200001,0.0,0.0,0.707108,0.707106
2023.09.21-22.50.47,328.833923,-199.500076,52.200001,0.0,0.0,0.707108,0.707106
2023.09.21-22.50.47,328.972931,-199.500076,52.200001,0.0,0.0,0.707108,0.707106
2023.09.21-22.50.47,329.110077,-199.500076,52.200001,0.0,0.0,0.707108,0.707106
2023.09.21-22.50.47,329.253448,-199.500076,52.200001,0.0,0.0,0.707108,0.707106
2023.09.21-22.50.47,329.338806,-199.500076,52.200001,0.0,0.0,0.707108,0.707106
2023.09.21-22.50.47,329.51593,-199.500076,52.200001,0.0,0.0,0.707108,0.707106
2023.09.21-22.50.47,329.686188,-199.500076,52.200001,0.0,0.0,0.707108,0.707106
2023.09.21-22.50.47,329.853699,-199.500076,52.200001,0.0,0.0,0.707108,0.707106
2023.09.21-22.50.47,330.032379,-199.500076,52.200001,0.0,0.0,0.707108,0.707106
2023.09.21-22.50.47,330.222046,-199.500076,52.200001,0.0,0.0,0.707108,0.707106
2023.09.21-22.50.47,330.435272,-199.500076,52.200001,0.0,0.0,0.707108,0.707106
2023.09.21-22.50.47,330.661438,-199.500076,52.200001,0.0,0.0,0.707108,0.707106
2023.09.21-22.50.47,330.884186,-199.500076,52.200001,0.0,0.0,0.707108,0.707106
2023.09.21-22.50.47,331.085754,-199.500076,52.200001,0.0,0.0,0.707108,0.707106
2023.09.21-22.50.47,331.253754,-199.500076,52.200001,0.0,0.0,0.707108,0.707106
2023.09.21-22.50.47,331.417725,-199.500061,52.200001,0.0,0.0,0.707108,0.707106
2023.09.21-22.50.47,331.510529,-199.500061,52.200001,0.0,0.0,0.707108,0.707106
2023.09.21-22.50.47,331.66687,-199.500061,52.200001,0.0,0.0,0.707108,0.707106
2023.09.21-22.50.47,331.796478,-199.500061,52.200001,0.0,0.0,0.707108,0.707106
2023.09.21-22.50.47,331.877563,-199.500061,52.200001,0.0,0.0,0.707108,0.707106
2023.09.21-22.50.47,332.012787,-199.500061,52.200001,0.0,0.0,0.707108,0.707106
2023.09.21-22.50.47,332.251038,-199.500061,52.200001,0.0,0.0,0.707108,0.707106
2023.09.21-22.50.47,332.251038,-199.500061,52.200001,0.0,0.0,0.707108,0.707106
2023.09.21-22.50.47,332.251038,-199.500061,52.200001,0.0,0.0,0.707108,0.707106
2023.09.21-22.50.47,332.251038,-199.500061,52.200001,0.0,0.0,0.707108,0.707106
2023.09.21-22.50.47,332.292938,-199.500061,52.200001,0.0,0.0,0.707108,0.707106
2023.09.21-22.50.47,332.292938,-199.500061,52.200001,0.0,0.0,0.707108,0.707106
2023.09.21-22.50.47,332.276154,-199.500061,52.200001,0.0,0.0,0.707108,0.707106
2023.09.21-22.50.47,332.222565,-199.500061,52.200001,0.0,0.0,0.707108,0.707106
2023.09.21-22.50.47,332.166321,-199.500061,52.200001,0.0,0.0,0.707108,0.707106
2023.09.21-22.50.47,332.11322,-199.500061,52.200001,0.0,0.0,0.707108,0.707106
2023.09.21-22.50.47,332.037323,-199.500061,52.200001,0.0,0.0,0.707108,0.707106
2023.09.21-22.50.47,331.917908,-199.500061,52.200001,0.0,0.0,0.707108,0.707106
2023.09.21-22.50.47,331.793915,-199.500061,52.200001,0.0,0.0,0.707108,0.707106
2023.09.21-22.50.47,331.708191,-199.500061,52.200001,0.0,0.0,0.707108,0.707106
2023.09.21-22.50.47,331.597382,-199.500061,52.200001,0.0,0.0,0.707108,0.707106
2023.09.21-22.50.47,331.445068,-199.500061,52.200001,0.0,0.0,0.707108,0.707106
2023.09.21-22.50.47,331.281158,-199.500076,52.200001,0.0,0.0,0.707108,0.707106
2023.09.21-22.50.47,331.112549,-199.500076,52.200001,0.0,0.0,0.707108,0.707106
2023.09.21-22.50.48,330.922821,-199.500076,52.200001,0.0,0.0,0.707108,0.707106
2023.09.21-22.50.48,330.764709,-199.500076,52.200001,0.0,0.0,0.707108,0.707106
2023.09.21-22.50.48,330.632233,-199.500076,52.200001,0.0,0.0,0.707108,0.707106
2023.09.21-22.50.48,330.490906,-199.500076,52.200001,0.0,0.0,0.707108,0.707106
2023.09.21-22.50.48,330.340912,-199.500076,52.200001,0.0,0.0,0.707108,0.707106
2023.09.21-22.50.48,330.177582,-199.500076,52.200001,0.0,0.0,0.707108,0.707106
2023.09.21-22.50.48,329.971802,-199.500076,52.200001,0.0,0.0,0.707108,0.707106
2023.09.21-22.50.48,329.753601,-199.500076,52.200001,0.0,0.0,0.707108,0.707106
2023.09.21-22.50.48,329.516388,-199.500076,52.200001,0.0,0.0,0.707108,0.707106
2023.09.21-22.50.48,329.298553,-199.500076,52.200001,0.0,0.0,0.707108,0.707106
2023.09.21-22.50.48,329.126129,-199.500076,52.200001,0.0,0.0,0.707108,0.707106
2023.09.21-22.50.48,328.991394,-199.500076,52.200001,0.0,0.0,0.707108,0.707106
2023.09.21-22.50.48,328.922852,-199.500076,52.200001,0.0,0.0,0.707108,0.707106
2023.09.21-22.50.48,328.892426,-199.500076,52.200001,0.0,0.0,0.707108,0.707106
2023.09.21-22.50.48,328.965088,-199.500076,52.200001,0.0,0.0,0.707108,0.707106
2023.09.21-22.50.48,329.108826,-199.500076,52.200001,0.0,0.0,0.707108,0.707106
2023.09.21-22.50.48,329.364746,-199.500076,52.200001,0.0,0.0,0.707108,0.707106
2023.09.21-22.50.48,329.628571,-199.500076,52.200001,0.0,0.0,0.707108,0.707106
2023.09.21-22.50.48,329.927063,-199.500076,52.200001,0.0,0.0,0.707108,0.707106
2023.09.21-22.50.48,330.263733,-199.500076,52.200001,0.0,0.0,0.707108,0.707106
2023.09.21-22.50.48,330.634583,-199.500076,52.200001,0.0,0.0,0.707108,0.707106
2023.09.21-22.50.48,331.017242,-199.500076,52.200001,0.0,0.0,0.707108,0.707106
2023.09.21-22.50.48,331.372223,-199.500061,52.200001,0.0,0.0,0.707108,0.707106
2023.09.21-22.50.48,331.720123,-199.500061,52.200001,0.0,0.0,0.707108,0.707106
2023.09.21-22.50.48,331.973511,-199.500061,52.200001,0.0,0.0,0.707108,0.707106
2023.09.21-22.50.48,332.091217,-199.500061,52.200001,0.0,0.0,0.707108,0.707106
2023.09.21-22.50.48,332.094177,-199.500061,52.200001,0.0,0.0,0.707108,0.707106
2023.09.21-22.50.48,331.995667,-199.500061,52.200001,0.0,0.0,0.707108,0.707106
2023.09.21-22.50.48,331.864044,-199.500061,52.200001,0.0,0.0,0.707108,0.707106
2023.09.21-22.50.48,331.668488,-199.500061,52.200001,0.0,0.0,0.707108,0.707106
2023.09.21-22.50.48,331.464355,-199.500061,52.200001,0.0,0.0,0.707108,0.707106
2023.09.21-22.50.48,331.235748,-199.500076,52.200001,0.0,0.0,0.707108,0.707106
2023.09.21-22.50.48,330.978058,-199.500076,52.200001,0.0,0.0,0.707108,0.707106
2023.09.21-22.50.48,330.688171,-199.500076,52.200001,0.0,0.0,0.707108,0.707106
2023.09.21-22.50.48,330.402985,-199.500076,52.200001,0.0,0.0,0.707108,0.707106
2023.09.21-22.50.48,330.110687,-199.500076,52.200001,0.0,0.0,0.707108,0.707106
2023.09.21-22.50.49,329.858978,-199.500076,52.200001,0.0,0.0,0.707108,0.707106
2023.09.21-22.50.49,329.590637,-199.500076,52.200001,0.0,0.0,0.707108,0.707106
2023.09.21-22.50.49,329.356232,-199.500076,52.200001,0.0,0.0,0.707108,0.707106
2023.09.21-22.50.49,329.166412,-199.500076,52.200001,0.0,0.0,0.707108,0.707106
2023.09.21-22.50.49,328.979706,-199.500076,52.200001,0.0,0.0,0.707108,0.707106
2023.09.21-22.50.49,328.82254,-199.500076,52.200001,0.0,0.0,0.707108,0.707106
2023.09.21-22.50.49,328.650208,-199.500076,52.200001,0.0,0.0,0.707108,0.707106
2023.09.21-22.50.49,328.464355,-199.500076,52.200001,0.0,0.0,0.707108,0.707106
2023.09.21-22.50.49,328.342834,-199.500076,52.200001,0.0,0.0,0.707108,0.707106
2023.09.21-22.50.49,328.217072,-199.500076,52.200001,0.0,0.0,0.707108,0.707106
2023.09.21-22.50.49,328.059784,-199.500076,52.200001,0.0,0.0,0.707108,0.707106
2023.09.21-22.50.49,327.906433,-199.500076,52.200001,0.0,0.0,0.707108,0.707106
2023.09.21-22.50.49,327.76651,-199.500076,52.200001,0.0,0.0,0.707108,0.707106
2023.09.21-22.50.49,327.653473,-199.500076,52.200001,0.0,0.0,0.707108,0.707106
2023.09.21-22.50.49,327.586273,-199.500076,52.200001,0.0,0.0,0.707108,0.707106
2023.09.21-22.50.49,327.543274,-199.500076,52.200001,0.0,0.0,0.707108,0.707106
2023.09.21-22.50.49,327.487213,-199.500076,52.200001,0.0,0.0,0.707108,0.707106
2023.09.21-22.50.49,327.475128,-199.500076,52.200001,0.0,0.0,0.707108,0.707106
2023.09.21-22.50.49,327.40686,-199.500076,52.200001,0.0,0.0,0.707108,0.707106
2023.09.21-22.50.49,327.35907,-199.500076,52.200001,0.0,0.0,0.707108,0.707106
2023.09.21-22.50.49,327.299103,-199.500076,52.200001,0.0,0.0,0.707108,0.707106
2023.09.21-22.50.49,327.263184,-199.500076,52.200001,0.0,0.0,0.707108,0.707106
2023.09.21-22.50.49,327.242249,-199.500076,52.200001,0.0,0.0,0.707108,0.707106
2023.09.21-22.50.49,327.232513,-199.500076,52.200001,0.0,0.0,0.707108,0.707106
2023.09.21-22.50.49,327.247986,-199.500076,52.200001,0.0,0.0,0.707108,0.707106
2023.09.21-22.50.49,327.26001,-199.500076,52.200001,0.0,0.0,0.707108,0.707106
2023.09.21-22.50.49,327.257935,-199.500076,52.200001,0.0,0.0,0.707108,0.707106
2023.09.21-22.50.49,327.256744,-199.500076,52.200001,0.0,0.0,0.707108,0.707106
2023.09.21-22.50.49,327.291473,-199.500076,52.200001,0.0,0.0,0.707108,0.707106
2023.09.21-22.50.49,327.308502,-199.500076,52.200001,0.0,0.0,0.707108,0.707106
2023.09.21-22.50.49,327.341919,-199.500076,52.200001,0.0,0.0,0.707108,0.707106
2023.09.21-22.50.49,327.349792,-199.500076,52.200001,0.0,0.0,0.707108,0.707106
2023.09.21-22.50.49,327.355774,-199.500076,52.200001,0.0,0.0,0.707108,0.707106
2023.09.21-22.50.49,327.359406,-199.500076,52.200001,0.0,0.0,0.707108,0.707106
2023.09.21-22.50.49,327.360077,-199.500076,52.200001,0.0,0.0,0.707108,0.707106
2023.09.21-22.50.49,327.358765,-199.500076,52.200001,0.0,0.0,0.707108,0.707106
2023.09.21-22.50.49,327.349457,-199.500076,52.200001,0.0,0.0,0.707108,0.707106
2023.09.21-22.50.49,327.333649,-199.500076,52.200001,0.0,0.0,0.707108,0.707106
2023.09.21-22.50.49,327.328949,-199.500076,52.200001,0.0,0.0,0.707108,0.707106
2023.09.21-22.50.49,327.329895,-199.500076,52.200001,0.0,0.0,0.707108,0.707106
2023.09.21-22.50.49,327.303467,-199.500076,52.200001,0.0,0.0,0.707108,0.707106
2023.09.21-22.50.49,327.270569,-199.500076,52.200001,0.0,0.0,0.707108,0.707106
2023.09.21-22.50.49,327.22937,-199.500076,52.200001,0.0,0.0,0.707108,0.707106
2023.09.21-22.50.49,327.185486,-199.500076,52.200001,0.0,0.0,0.707108,0.707106
2023.09.21-22.50.49,327.147888,-199.500092,52.200001,0.0,0.0,0.707108,0.707106
2023.09.21-22.50.49,327.103729,-199.500092,52.200001,0.0,0.0,0.707108,0.707106
2023.09.21-22.50.49,327.069916,-199.500092,52.200001,0.0,0.0,0.707108,0.707106
2023.09.21-22.50.49,327.043976,-199.500092,52.200001,0.0,0.0,0.707108,0.707106
2023.09.21-22.50.49,327.023926,-199.500092,52.200001,0.0,0.0,0.707108,0.707106
2023.09.21-22.50.49,327.019318,-199.500092,52.200001,0.0,0.0,0.707108,0.707106
2023.09.21-22.50.50,327.044128,-199.500092,52.200001,0.0,0.0,0.707108,0.707106
2023.09.21-22.50.50,327.047668,-199.500092,52.200001,0.0,0.0,0.707108,0.707106
2023.09.21-22.50.50,327.079956,-199.500092,52.200001,0.0,0.0,0.707108,0.707106
2023.09.21-22.50.50,327.065033,-199.500092,52.200001,0.0,0.0,0.707108,0.707106
2023.09.21-22.50.50,327.068604,-199.500092,52.200001,0.0,0.0,0.707108,0.707106
2023.09.21-22.50.50,327.061584,-199.500092,52.200001,0.0,0.0,0.707108,0.707106
2023.09.21-22.50.50,327.04422,-199.500092,52.200001,0.0,0.0,0.707108,0.707106
2023.09.21-22.50.50,327.003143,-199.500092,52.200001,0.0,0.0,0.707108,0.707106
2023.09.21-22.50.50,326.950806,-199.500092,52.200001,0.0,0.0,0.707108,0.707106
2023.09.21-22.50.50,326.873596,-199.500092,52.200001,0.0,0.0,0.707108,0.707106
2023.09.21-22.50.50,326.815399,-199.500092,52.200001,0.0,0.0,0.707108,0.707106
2023.09.21-22.50.50,326.731995,-199.500092,52.200001,0.0,0.0,0.707108,0.707106
2023.09.21-22.50.50,326.61496,-199.500092,52.200001,0.0,0.0,0.707108,0.707106
2023.09.21-22.50.50,326.434845,-199.500092,52.200001,0.0,0.0,0.707108,0.707106
2023.09.21-22.50.50,326.329498,-199.500092,52.200001,0.0,0.0,0.707108,0.707106
2023.09.21-22.50.50,326.206696,-199.500092,52.200001,0.0,0.0,0.707108,0.707106
2023.09.21-22.50.50,326.051544,-199.500092,52.200001,0.0,0.0,0.707108,0.707106
2023.09.21-22.50.50,325.921509,-199.500092,52.200001,0.0,0.0,0.707108,0.707106
2023.09.21-22.50.50,325.80545,-199.500092,52.200001,0.0,0.0,0.707108,0.707106
2023.09.21-22.50.50,325.687073,-199.500092,52.200001,0.0,0.0,0.707108,0.707106
2023.09.21-22.50.50,325.59671,-199.500092,52.200001,0.0,0.0,0.707108,0.707106
2023.09.21-22.50.50,325.502625,-199.500092,52.200001,0.0,0.0,0.707108,0.707106
2023.09.21-22.50.50,325.40213,-199.500092,52.200001,0.0,0.0,0.707108,0.707106
2023.09.21-22.50.50,325.290466,-199.500092,52.200001,0.0,0.0,0.707108,0.707106
2023.09.21-22.50.50,325.168335,-199.500092,52.200001,0.0,0.0,0.707108,0.707106
2023.09.21-22.50.50,325.067841,-199.500092,52.200001,0.0,0.0,0.707108,0.707106
2023.09.21-22.50.50,324.973328,-199.500092,52.200001,0.0,0.0,0.707108,0.707106
2023.09.21-22.50.50,324.975311,-199.500092,52.200001,0.0,0.0,0.707108,0.707106
2023.09.21-22.50.50,324.896179,-199.500092,52.200001,0.0,0.0,0.707108,0.707106
2023.09.21-22.50.50,324.787048,-199.500092,52.200001,0.0,0.0,0.707108,0.707106
2023.09.21-22.50.50,324.717957,-199.500092,52.200001,0.0,0.0,0.707108,0.707106
2023.09.21-22.50.50,324.667938,-199.500092,52.200001,0.0,0.0,0.707108,0.707106
2023.09.21-22.50.50,324.690796,-199.500092,52.200001,0.0,0.0,0.707108,0.707106
2023.09.21-22.50.50,324.665619,-199.500092,52.200001,0.0,0.0,0.707108,0.707106
2023.09.21-22.50.50,324.624146,-199.500092,52.200001,0.0,0.0,0.707108,0.707106
2023.09.21-22.50.50,324.609497,-199.500092,52.200001,0.0,0.0,0.707108,0.707106
2023.09.21-22.50.50,324.59433,-199.500092,52.200001,0.0,0.0,0.707108,0.707106
2023.09.21-22.50.50,324.593719,-199.500092,52.200001,0.0,0.0,0.707108,0.707106
2023.09.21-22.50.50,324.604584,-199.500092,52.200001,0.0,0.0,0.707108,0.707106
2023.09.21-22.50.50,324.595215,-199.500092,52.200001,0.0,0.0,0.707108,0.707106
2023.09.21-22.50.50,324.603485,-199.500092,52.200001,0.0,0.0,0.707108,0.707106
2023.09.21-22.50.50,324.611633,-199.500092,52.200001,0.0,0.0,0.707108,0.707106
2023.09.21-22.50.50,324.627136,-199.500092,52.200001,0.0,0.0,0.707108,0.707106
2023.09.21-22.50.50,324.643921,-199.500092,52.200001,0.0,0.0,0.707108,0.707106
2023.09.21-22.50.50,324.640656,-199.500092,52.200001,0.0,0.0,0.707108,0.707106
2023.09.21-22.50.50,324.636078,-199.500092,52.200001,0.0,0.0,0.707108,0.707106
2023.09.21-22.50.50,324.635437,-199.500092,52.200001,0.0,0.0,0.707108,0.707106
2023.09.21-22.50.50,324.64679,-199.500092,52.200001,0.0,0.0,0.707108,0.707106
2023.09.21-22.50.50,324.663086,-199.500092,52.200001,0.0,0.0,0.707108,0.707106
2023.09.21-22.50.50,324.668701,-199.500092,52.200001,0.0,0.0,0.707108,0.707106
2023.09.21-22.50.50,324.676025,-199.500092,52.200001,0.0,0.0,0.707108,0.707106
2023.09.21-22.50.50,324.6828,-199.500092,52.200001,0.0,0.0,0.707108,0.707106
2023.09.21-22.50.50,324.69043,-199.500092,52.200001,0.0,0.0,0.707108,0.707106
2023.09.21-22.50.50,324.702179,-199.500092,52.200001,0.0,0.0,0.707108,0.707106
2023.09.21-22.50.50,324.710785,-199.500092,52.200001,0.0,0.0,0.707108,0.707106
2023.09.21-22.50.50,324.720032,-199.500092,52.200001,0.0,0.0,0.707108,0.707106
2023.09.21-22.50.50,324.721893,-199.500092,52.200001,0.0,0.0,0.707108,0.707106
2023.09.21-22.50.50,324.718292,-199.500092,52.200001,0.0,0.0,0.707108,0.707106
2023.09.21-22.50.50,324.727295,-199.500092,52.200001,0.0,0.0,0.707108,0.707106
2023.09.21-22.50.51,324.777618,-199.500092,52.200001,0.0,0.0,0.707108,0.707106
2023.09.21-22.50.51,324.836426,-199.500092,52.200001,0.0,0.0,0.707108,0.707106
2023.09.21-22.50.51,324.863586,-199.500092,52.200001,0.0,0.0,0.707108,0.707106
2023.09.21-22.50.51,324.935608,-199.500092,52.200001,0.0,0.0,0.707108,0.707106
2023.09.21-22.50.51,324.977325,-199.500092,52.200001,0.0,0.0,0.707108,0.707106
2023.09.21-22.50.51,325.099182,-199.500092,52.200001,0.0,0.0,0.707108,0.707106
2023.09.21-22.50.51,325.180054,-199.500092,52.200001,0.0,0.0,0.707108,0.707106
2023.09.21-22.50.51,325.317627,-199.500092,52.200001,0.0,0.0,0.707108,0.707106
2023.09.21-22.50.51,325.4487,-199.500092,52.200001,0.0,0.0,0.707108,0.707106
2023.09.21-22.50.51,325.640167,-199.500092,52.200001,0.0,0.0,0.707108,0.707106
2023.09.21-22.50.51,325.788239,-199.500092,52.200001,0.0,0.0,0.707108,0.707106
2023.09.21-22.50.51,326.02179,-199.500092,52.200001,0.0,0.0,0.707108,0.707106
2023.09.21-22.50.51,326.283966,-199.500092,52.200001,0.0,0.0,0.707108,0.707106
2023.09.21-22.50.51,326.594269,-199.500092,52.200001,0.0,0.0,0.707108,0.707106
2023.09.21-22.50.51,326.850311,-199.500092,52.200001,0.0,0.0,0.707108,0.707106
2023.09.21-22.50.51,327.146393,-199.500092,52.200001,0.0,0.0,0.707108,0.707106
2023.09.21-22.50.51,327.408539,-199.500076,52.200001,0.0,0.0,0.707108,0.707106
2023.09.21-22.50.51,327.68811,-199.500076,52.200001,0.0,0.0,0.707108,0.707106
2023.09.21-22.50.51,327.959625,-199.500076,52.200001,0.0,0.0,0.707108,0.707106
2023.09.21-22.50.51,328.226501,-199.500076,52.200001,0.0,0.0,0.707108,0.707106
2023.09.21-22.50.51,328.504425,-199.500076,52.200001,0.0,0.0,0.707108,0.707106
2023.09.21-22.50.51,328.721344,-199.500076,52.200001,0.0,0.0,0.707108,0.707106
2023.09.21-22.50.51,329.016693,-199.500076,52.200001,0.0,0.0,0.707108,0.707106
2023.09.21-22.50.51,329.261505,-199.500076,52.200001,0.0,0.0,0.707108,0.707106
2023.09.21-22.50.51,329.238831,-199.500076,52.200001,0.0,0.0,0.707108,0.707106
2023.09.21-22.50.51,329.648651,-199.500076,52.200001,0.0,0.0,0.707108,0.707106
2023.09.21-22.50.51,329.940399,-199.500076,52.200001,0.0,0.0,0.707108,0.707106
2023.09.21-22.50.51,330.209167,-199.500076,52.200001,0.0,0.0,0.707108,0.707106
2023.09.21-22.50.51,330.153107,-199.500076,52.200001,0.0,0.0,0.707108,0.707106
2023.09.21-22.50.51,330.297455,-199.500076,52.200001,0.0,0.0,0.707108,0.707106
2023.09.21-22.50.51,330.524567,-199.500076,52.200001,0.0,0.0,0.707108,0.707106
2023.09.21-22.50.51,330.689728,-199.500076,52.200001,0.0,0.0,0.707108,0.707106
2023.09.21-22.50.51,330.849731,-199.500076,52.200001,0.0,0.0,0.707108,0.707106
2023.09.21-22.50.51,330.964813,-199.500076,52.200001,0.0,0.0,0.707108,0.707106
2023.09.21-22.50.51,331.152802,-199.500076,52.200001,0.0,0.0,0.707108,0.707106
2023.09.21-22.50.51,331.317566,-199.500061,52.200001,0.0,0.0,0.707108,0.707106
2023.09.21-22.50.51,331.393463,-199.500061,52.200001,0.0,0.0,0.707108,0.707106
2023.09.21-22.50.51,331.397308,-199.500061,52.200001,0.0,0.0,0.707108,0.707106
2023.09.21-22.50.51,331.546021,-199.500061,52.200001,0.0,0.0,0.707108,0.707106
2023.09.21-22.50.51,331.669159,-199.500061,52.200001,0.0,0.0,0.707108,0.707106
2023.09.21-22.50.51,331.777222,-199.500061,52.200001,0.0,0.0,0.707108,0.707106
2023.09.21-22.50.51,331.913452,-199.500061,52.200001,0.0,0.0,0.707108,0.707106
2023.09.21-22.50.51,332.065216,-199.500061,52.200001,0.0,0.0,0.707108,0.707106
2023.09.21-22.50.51,332.26944,-199.500061,52.200001,0.0,0.0,0.707108,0.707106
2023.09.21-22.50.51,332.26944,-199.500061,52.200001,0.0,0.0,0.707108,0.707106
2023.09.21-22.50.51,332.26944,-199.500061,52.200001,0.0,0.0,0.707108,0.707106
2023.09.21-22.50.51,332.26944,-199.500061,52.200001,0.0,0.0,0.707108,0.707106
2023.09.21-22.50.51,332.26944,-199.500061,52.200001,0.0,0.0,0.707108,0.707106
2023.09.21-22.50.51,332.187408,-199.500061,52.200001,0.0,0.0,0.707108,0.707106
2023.09.21-22.50.51,332.226868,-199.500061,52.200001,0.0,0.0,0.707108,0.707106
2023.09.21-22.50.51,332.217316,-199.500061,52.200001,0.0,0.0,0.707108,0.707106
2023.09.21-22.50.51,332.17099,-199.500061,52.200001,0.0,0.0,0.707108,0.707106
2023.09.21-22.50.51,332.179382,-199.500061,52.200001,0.0,0.0,0.707108,0.707106
2023.09.21-22.50.51,332.072357,-199.500061,52.200001,0.0,0.0,0.707108,0.707106
2023.09.21-22.50.51,331.903259,-199.500061,52.200001,0.0,0.0,0.707108,0.707106
2023.09.21-22.50.51,331.802094,-199.500061,52.200001,0.0,0.0,0.707108,0.707106
2023.09.21-22.50.52,331.649292,-199.500061,52.200001,0.0,0.0,0.707108,0.707106
2023.09.21-22.50.52,331.460785,-199.500061,52.200001,0.0,0.0,0.707108,0.707106
2023.09.21-22.50.52,331.218994,-199.500076,52.200001,0.0,0.0,0.707108,0.707106
2023.09.21-22.50.52,330.964935,-199.500076,52.200001,0.0,0.0,0.707108,0.707106
2023.09.21-22.50.52,330.711273,-199.500076,52.200001,0.0,0.0,0.707108,0.707106
2023.09.21-22.50.52,330.433655,-199.500076,52.200001,0.0,0.0,0.707108,0.707106
2023.09.21-22.50.52,330.162415,-199.500076,52.200001,0.0,0.0,0.707108,0.707106
2023.09.21-22.50.52,329.924591,-199.500076,52.200001,0.0,0.0,0.707108,0.707106
2023.09.21-22.50.52,329.696228,-199.500076,52.200001,0.0,0.0,0.707108,0.707106
2023.09.21-22.50.52,329.415649,-199.500076,52.200001,0.0,0.0,0.707108,0.707106
2023.09.21-22.50.52,329.125092,-199.500076,52.200001,0.0,0.0,0.707108,0.707106
2023.09.21-22.50.52,328.851227,-199.500076,52.200001,0.0,0.0,0.707108,0.707106
2023.09.21-22.50.52,328.588654,-199.500076,52.200001,0.0,0.0,0.707108,0.707106
2023.09.21-22.50.52,328.336975,-199.500076,52.200001,0.0,0.0,0.707108,0.707106
2023.09.21-22.50.52,328.104828,-199.500076,52.200001,0.0,0.0,0.707108,0.707106
2023.09.21-22.50.52,327.892944,-199.500076,52.200001,0.0,0.0,0.707108,0.707106
2023.09.21-22.50.52,327.729523,-199.500076,52.200001,0.0,0.0,0.707108,0.707106
2023.09.21-22.50.52,327.579712,-199.500076,52.200001,0.0,0.0,0.707108,0.707106
2023.09.21-22.50.52,327.476471,-199.500076,52.200001,0.0,0.0,0.707108,0.707106
2023.09.21-22.50.52,327.395294,-199.500076,52.200001,0.0,0.0,0.707108,0.707106
2023.09.21-22.50.52,327.325897,-199.500076,52.200001,0.0,0.0,0.707108,0.707106
2023.09.21-22.50.52,327.288116,-199.500076,52.200001,0.0,0.0,0.707108,0.707106
2023.09.21-22.50.52,327.263733,-199.500076,52.200001,0.0,0.0,0.707108,0.707106
2023.09.21-22.50.52,327.256683,-199.500076,52.200001,0.0,0.0,0.707108,0.707106
2023.09.21-22.50.52,327.261383,-199.500076,52.200001,0.0,0.0,0.707108,0.707106
2023.09.21-22.50.52,327.27063,-199.500076,52.200001,0.0,0.0,0.707108,0.707106
2023.09.21-22.50.52,327.286224,-199.500076,52.200001,0.0,0.0,0.707108,0.707106
2023.09.21-22.50.52,327.309418,-199.500076,52.200001,0.0,0.0,0.707108,0.707106
2023.09.21-22.50.52,327.330811,-199.500076,52.200001,0.0,0.0,0.707108,0.707106
2023.09.21-22.50.52,327.343292,-199.500076,52.200001,0.0,0.0,0.707108,0.707106
2023.09.21-22.50.52,327.346588,-199.500076,52.200001,0.0,0.0,0.707108,0.707106
2023.09.21-22.50.52,327.354279,-199.500076,52.200001,0.0,0.0,0.707108,0.707106
2023.09.21-22.50.52,327.372864,-199.500076,52.200001,0.0,0.0,0.707108,0.707106
2023.09.21-22.50.52,327.400604,-199.500076,52.200001,0.0,0.0,0.707108,0.707106
2023.09.21-22.50.52,327.447754,-199.500076,52.200001,0.0,0.0,0.707108,0.707106
2023.09.21-22.50.52,327.528839,-199.500076,52.200001,0.0,0.0,0.707108,0.707106
2023.09.21-22.50.52,327.622986,-199.500076,52.200001,0.0,0.0,0.707108,0.707106
2023.09.21-22.50.52,327.743164,-199.500076,52.200001,0.0,0.0,0.707108,0.707106
2023.09.21-22.50.52,327.921204,-199.500076,52.200001,0.0,0.0,0.707108,0.707106
2023.09.21-22.50.53,328.058838,-199.500076,52.200001,0.0,0.0,0.707108,0.707106
2023.09.21-22.50.53,328.354462,-199.500076,52.200001,0.0,0.0,0.707108,0.707106
2023.09.21-22.50.53,328.641205,-199.500076,52.200001,0.0,0.0,0.707108,0.707106
2023.09.21-22.50.53,328.935181,-199.500076,52.200001,0.0,0.0,0.707108,0.707106
2023.09.21-22.50.53,329.490509,-199.500076,52.200001,0.0,0.0,0.707108,0.707106
2023.09.21-22.50.53,329.809143,-199.500076,52.200001,0.0,0.0,0.707108,0.707106
2023.09.21-22.50.53,330.31897,-199.500076,52.200001,0.0,0.0,0.707108,0.707106
2023.09.21-22.50.53,330.797791,-199.500076,52.200001,0.0,0.0,0.707108,0.707106
2023.09.21-22.50.53,331.193634,-199.500076,52.200001,0.0,0.0,0.707108,0.707106
2023.09.21-22.50.53,331.540497,-199.500061,52.200001,0.0,0.0,0.707108,0.707106
2023.09.21-22.50.53,331.852539,-199.500061,52.200001,0.0,0.0,0.707108,0.707106
2023.09.21-22.50.53,331.797638,-199.500061,52.200001,0.0,0.0,0.707108,0.707106
2023.09.21-22.50.53,332.151703,-199.500061,52.200001,0.0,0.0,0.707108,0.707106
2023.09.21-22.50.53,332.151703,-199.500061,52.200001,0.0,0.0,0.707108,0.707106
2023.09.21-22.50.53,332.151703,-199.500061,52.200001,0.0,0.0,0.707108,0.707106
2023.09.21-22.50.53,332.151703,-199.500061,52.200001,0.0,0.0,0.707108,0.707106
2023.09.21-22.50.53,332.151703,-199.500061,52.200001,0.0,0.0,0.707108,0.707106
2023.09.21-22.50.53,332.151703,-199.500061,52.200001,0.0,0.0,0.707108,0.707106
2023.09.21-22.50.53,332.151703,-199.500061,52.200001,0.0,0.0,0.707108,0.707106
2023.09.21-22.50.53,332.151703,-199.500061,52.200001,0.0,0.0,0.707108,0.707106
2023.09.21-22.50.53,332.151703,-199.500061,52.200001,0.0,0.0,0.707108,0.707106
2023.09.21-22.50.53,332.151703,-199.500061,52.200001,0.0,0.0,0.707108,0.707106
2023.09.21-22.50.53,332.279846,-199.500061,52.200001,0.0,0.0,0.707108,0.707106
2023.09.21-22.50.53,332.279846,-199.500061,52.200001,0.0,0.0,0.707108,0.707106
2023.09.21-22.50.53,332.279846,-199.500061,52.200001,0.0,0.0,0.707108,0.707106
