2023.09.20-21.33.57,268.494232,-37.994286,132.497604,0.270598,0.653281,-0.270598,0.653281
2023.09.20-21.33.57,268.494232,-37.994286,132.497604,0.280705,0.649003,-0.260427,0.657402
2023.09.20-21.33.57,268.494232,-37.994286,132.497604,0.292428,0.643806,-0.248463,0.662017
2023.09.20-21.33.57,268.494232,-37.994286,132.497604,0.304232,0.638312,-0.236232,0.666479
2023.09.20-21.33.57,268.494232,-37.994286,132.497604,0.315645,0.632747,-0.224226,0.670614
2023.09.20-21.33.57,268.494232,-37.994286,132.497604,0.326903,0.627004,-0.212205,0.674514
2023.09.20-21.33.57,268.494232,-37.994286,132.497604,0.347491,0.615833,-0.189748,0.681172
2023.09.20-21.33.57,268.494232,-37.994286,132.497604,0.360013,0.608597,-0.175777,0.684911
2023.09.20-21.33.57,268.494232,-37.994286,132.497604,0.373843,0.600201,-0.160061,0.688753
2023.09.20-21.33.57,268.494232,-37.994286,132.497604,0.388328,0.590932,-0.143264,0.692442
2023.09.20-21.33.57,268.494232,-37.994286,132.497604,0.40649,0.57859,-0.121694,0.696556
2023.09.20-21.33.57,268.494232,-37.994286,132.497604,0.415377,0.572243,-0.110922,0.698352
2023.09.20-21.33.57,268.494232,-37.994286,132.497604,0.428577,0.562425,-0.094646,0.700744
2023.09.20-21.33.57,268.494232,-37.994286,132.497604,0.439155,0.554205,-0.081354,0.702411
2023.09.20-21.33.57,268.494232,-37.994286,132.497604,0.465449,0.532313,-0.047281,0.705524
2023.09.20-21.33.57,268.494232,-37.994286,132.497604,0.478678,0.520449,-0.029538,0.70649
2023.09.20-21.33.57,268.494232,-37.994286,132.497604,0.494505,0.505435,-0.00773,0.707065
2023.09.20-21.33.57,268.494232,-37.994286,132.497604,0.504315,0.495647,0.006128,0.70708
2023.09.20-21.33.57,268.494232,-37.994286,132.497604,0.509024,0.49081,0.012878,0.706989
2023.09.20-21.33.57,268.494232,-37.994286,132.497604,0.519789,0.479395,0.028562,0.70653
2023.09.20-21.33.57,268.494232,-37.994286,132.497604,0.552306,0.44154,0.078322,0.702756
2023.09.20-21.33.57,268.494232,-37.994286,132.497604,0.562439,0.428558,0.094667,0.700741
2023.09.20-21.33.57,268.494232,-37.994286,132.497604,0.580499,0.403759,0.124973,0.695975
2023.09.20-21.33.57,268.494232,-37.994286,132.497604,0.593288,0.38472,0.147479,0.691556
2023.09.20-21.33.57,268.494232,-37.994286,132.497604,0.604616,0.36666,0.168259,0.686796
2023.09.20-21.33.57,268.494232,-37.994286,132.497604,0.617259,0.344951,0.19255,0.680386
2023.09.20-21.33.57,268.494232,-37.994286,132.497604,0.627666,0.325631,0.213569,0.674083
2023.09.20-21.33.57,268.494232,-37.994286,132.497604,0.637381,0.30618,0.234193,0.667198
2023.09.20-21.33.57,268.494232,-37.994286,132.497604,0.646158,0.287193,0.253825,0.659979
2023.09.20-21.33.57,268.494232,-37.994286,132.497604,0.653696,0.269596,0.271598,0.652866
2023.09.20-21.33.57,268.494232,-37.994286,132.497604,0.661247,0.250505,0.290437,0.644706
2023.09.20-21.33.57,268.494232,-37.994286,132.497604,0.667557,0.233167,0.307159,0.636909
2023.09.20-21.33.57,268.494232,-37.994286,132.497604,0.673398,0.215721,0.323625,0.628702
2023.09.20-21.33.57,268.494232,-37.994286,132.497604,0.678578,0.198825,0.339235,0.620419
2023.09.20-21.33.57,268.494232,-37.994286,132.497604,0.68319,0.182351,0.354145,0.61203
2023.09.20-21.33.57,268.494232,-37.994286,132.497604,0.687427,0.165661,0.368943,0.603226
2023.09.20-21.33.57,268.494232,-37.994286,132.497604,0.691164,0.149304,0.383152,0.594301
2023.09.20-21.33.57,268.494232,-37.994286,132.497604,0.694275,0.134099,0.396103,0.585749
2023.09.20-21.33.57,268.494232,-37.994286,132.497604,0.697072,0.118707,0.408965,0.576843
2023.09.20-21.33.57,268.494232,-37.994286,132.497604,0.699439,0.10385,0.421144,0.568012
2023.09.20-21.33.57,268.494232,-37.994286,132.497604,0.701493,0.088927,0.433148,0.558912
2023.09.20-21.33.57,268.494232,-37.994286,132.497604,0.703361,0.072687,0.445953,0.54875
2023.09.20-21.33.57,268.494232,-37.994286,132.497604,0.704873,0.056164,0.458705,0.538135
2023.09.20-21.33.57,268.494232,-37.994286,132.497604,0.706018,0.039217,0.471499,0.526962
2023.09.20-21.33.57,268.494232,-37.994286,132.497604,0.70676,0.022156,0.484087,0.515422
2023.09.20-21.33.57,268.494232,-37.994286,132.497604,0.70709,0.004905,0.496519,0.503457
2023.09.20-21.33.57,268.494232,-37.994286,132.497604,0.706988,-0.01297,0.509086,0.490745
2023.09.20-21.33.57,268.494232,-37.994286,132.497604,0.706472,-0.029944,0.520724,0.478378
2023.09.20-21.33.57,268.494232,-37.994286,132.497604,0.705506,-0.047551,0.532491,0.465246
2023.09.20-21.33.57,268.494232,-37.994286,132.497604,0.704124,-0.064878,0.543766,0.452016
2023.09.20-21.33.57,268.494232,-37.994286,132.497604,0.702322,-0.082123,0.554685,0.438548
2023.09.20-21.33.57,268.494232,-37.994286,132.497604,0.70027,-0.098091,0.564525,0.425806
2023.09.20-21.33.57,268.494232,-37.994286,132.497604,0.698013,-0.113042,0.573501,0.413638
2023.09.20-21.33.57,268.494232,-37.994286,132.497604,0.695784,-0.126034,0.581112,0.402875
2023.09.20-21.33.58,268.494232,-37.994286,132.497604,0.69358,-0.137649,0.587767,0.393103
2023.09.20-21.33.58,268.494232,-37.994286,132.497604,0.691583,-0.147351,0.593215,0.384832
2023.09.20-21.33.58,268.494232,-37.994286,132.497604,0.689746,-0.155727,0.597839,0.377609
2023.09.20-21.33.58,268.494232,-37.994286,132.497604,0.688424,-0.161468,0.600964,0.372616
2023.09.20-21.33.58,268.494232,-37.994286,132.497604,0.687592,-0.164977,0.602856,0.369546
2023.09.20-21.33.58,268.494232,-37.994286,132.497604,0.687425,-0.165671,0.603229,0.368937
2023.09.20-21.33.58,268.494232,-37.994286,132.497604,0.687964,-0.163418,0.602017,0.370911
2023.09.20-21.33.58,268.494232,-37.994286,132.497604,0.68913,-0.15843,0.599314,0.375263
2023.09.20-21.33.58,268.494232,-37.994286,132.497604,0.690721,-0.151341,0.595427,0.381401
2023.09.20-21.33.58,268.494232,-37.994286,132.497604,0.692421,-0.143363,0.590988,0.388244
2023.09.20-21.33.58,268.494232,-37.994286,132.497604,0.694191,-0.13453,0.585994,0.395741
2023.09.20-21.33.58,268.494232,-37.994286,132.497604,0.695872,-0.125545,0.580829,0.403284
2023.09.20-21.33.58,268.494232,-37.994286,132.497604,0.697489,-0.11623,0.575385,0.411013
2023.09.20-21.33.58,268.494232,-37.994286,132.497604,0.69884,-0.107807,0.570385,0.417925
2023.09.20-21.33.58,268.494232,-37.994286,132.497604,0.700065,-0.09954,0.565406,0.424637
2023.09.20-21.33.58,268.494232,-37.994286,132.497604,0.701032,-0.09249,0.561104,0.430305
2023.09.20-21.33.58,268.494232,-37.994286,132.497604,0.701911,-0.085561,0.556826,0.435827
2023.09.20-21.33.58,268.494232,-37.994286,132.497604,0.702502,-0.080564,0.553711,0.439778
2023.09.20-21.33.58,268.494232,-37.994286,132.497604,0.702943,-0.076627,0.551238,0.442873
2023.09.20-21.33.58,268.494232,-37.994286,132.497604,0.703258,-0.073676,0.549374,0.445183
2023.09.20-21.33.58,268.494232,-37.994286,132.497604,0.703461,-0.071708,0.548127,0.446718
2023.09.20-21.33.58,268.494232,-37.994286,132.497604,0.703595,-0.070387,0.547287,0.447747
2023.09.20-21.33.58,268.494232,-37.994286,132.497604,0.703472,-0.071602,0.548059,0.446801
2023.09.20-21.33.58,268.494232,-37.994286,132.497604,0.703323,-0.073049,0.548977,0.445672
2023.09.20-21.33.58,268.494232,-37.994286,132.497604,0.702802,-0.077903,0.552041,0.441872
2023.09.20-21.33.58,268.494232,-37.994286,132.497604,0.702346,-0.081913,0.554554,0.438714
2023.09.20-21.33.58,268.494232,-37.994286,132.497604,0.701774,-0.086683,0.557522,0.434936
2023.09.20-21.33.58,268.494232,-37.994286,132.497604,0.701166,-0.091469,0.560476,0.431122
2023.09.20-21.33.58,268.494232,-37.994286,132.497604,0.700573,-0.0959,0.563191,0.42757
2023.09.20-21.33.58,268.494232,-37.994286,132.497604,0.700079,-0.099445,0.565348,0.424713
2023.09.20-21.33.58,268.494232,-37.994286,132.497604,0.699737,-0.101825,0.566789,0.422789
2023.09.20-21.33.58,268.494232,-37.994286,132.497604,0.699535,-0.103206,0.567622,0.421669
2023.09.20-21.33.58,268.494232,-37.994286,132.497604,0.699507,-0.103391,0.567734,0.421519
2023.09.20-21.33.58,268.494232,-37.994286,132.497604,0.699674,-0.102256,0.567049,0.422439
2023.09.20-21.33.58,268.494232,-37.994286,132.497604,0.70006,-0.099575,0.565427,0.424608
2023.09.20-21.33.58,268.494232,-37.994286,132.497604,0.700588,-0.095796,0.563127,0.427653
2023.09.20-21.33.58,268.494232,-37.994286,132.497604,0.701403,-0.089635,0.559347,0.432586
2023.09.20-21.33.58,268.494232,-37.994286,132.497604,0.702299,-0.08232,0.554808,0.438393
2023.09.20-21.33.58,268.494232,-37.994286,132.497604,0.703292,-0.073353,0.54917,0.445435
2023.09.20-21.33.58,268.494232,-37.994286,132.497604,0.704299,-0.062955,0.542529,0.4535
2023.09.20-21.33.58,268.494232,-37.994286,132.497604,0.705286,-0.050714,0.534572,0.462853
2023.09.20-21.33.58,268.494232,-37.994286,132.497604,0.706203,-0.035731,0.524626,0.474097
2023.09.20-21.33.58,268.494232,-37.994286,132.497604,0.706846,-0.019183,0.51338,0.486252
2023.09.20-21.33.58,268.494232,-37.994286,132.497604,0.707105,-0.001649,0.501164,0.498833
2023.09.20-21.33.58,268.494232,-37.994286,132.497604,0.706815,0.020302,0.485437,0.51415
2023.09.20-21.33.58,268.494232,-37.994286,132.497604,0.705812,0.042772,0.468839,0.529329
2023.09.20-21.33.58,268.494232,-37.994286,132.497604,0.703921,0.067045,0.450339,0.545156
2023.09.20-21.33.58,268.494232,-37.994286,132.497604,0.701036,0.09246,0.430327,0.561087
2023.09.20-21.33.58,268.494232,-37.994286,132.497604,0.696728,0.120704,0.40731,0.578013
2023.09.20-21.33.58,268.494232,-37.994286,132.497604,0.691124,0.149493,0.38299,0.594406
2023.09.20-21.33.58,268.494232,-37.994286,132.497604,0.683474,0.181282,0.355102,0.611475
2023.09.20-21.33.58,268.494232,-37.994286,132.497604,0.674528,0.212159,0.326943,0.626983
2023.09.20-21.33.58,268.494232,-37.994286,132.497604,0.663265,0.245111,0.295678,0.64232
2023.09.20-21.33.58,268.494232,-37.994286,132.497604,0.649735,0.279006,0.262143,0.65672
2023.09.20-21.33.58,268.494232,-37.994286,132.497604,0.635251,0.310575,0.229579,0.6688
2023.09.20-21.33.58,268.494232,-37.994286,132.497604,0.61893,0.341945,0.195857,0.679441
2023.09.20-21.33.58,268.494232,-37.994286,132.497604,0.601018,0.372529,0.161565,0.688401
2023.09.20-21.33.58,268.494232,-37.994286,132.497604,0.581975,0.401628,0.127524,0.695513
2023.09.20-21.33.58,268.494232,-37.994286,132.497604,0.562221,0.428845,0.09431,0.700789
2023.09.20-21.33.58,268.494232,-37.994286,132.497604,0.541514,0.454711,0.061377,0.704438
2023.09.20-21.33.58,268.494232,-37.994286,132.497604,0.519805,0.479378,0.028585,0.706529
2023.09.20-21.33.58,268.494232,-37.994286,132.497604,0.49634,0.503634,-0.005159,0.707088
2023.09.20-21.33.58,268.494232,-37.994286,132.497604,0.474552,0.524214,-0.035117,0.706234
2023.09.20-21.33.58,268.494232,-37.994286,132.497604,0.450326,0.545166,-0.067064,0.703919
2023.09.20-21.33.58,268.494232,-37.994286,132.497604,0.427205,0.563468,-0.096354,0.700511
2023.09.20-21.33.58,268.494232,-37.994286,132.497604,0.401979,0.581732,-0.127106,0.695589
2023.09.20-21.33.58,268.494232,-37.994286,132.497604,0.377869,0.597675,-0.155428,0.689813
2023.09.20-21.33.58,268.494232,-37.994286,132.497604,0.353793,0.612234,-0.182747,0.683084
2023.09.20-21.33.58,268.494232,-37.994286,132.497604,0.331068,0.624815,-0.207712,0.675911
2023.09.20-21.33.58,268.494232,-37.994286,132.497604,0.310026,0.635519,-0.23016,0.6686
2023.09.20-21.33.58,268.494232,-37.994286,132.497604,0.288697,0.645487,-0.252291,0.660568
2023.09.20-21.33.58,268.494232,-37.994286,132.497604,0.267411,0.654592,-0.273783,0.651953
2023.09.20-21.33.59,268.494232,-37.994286,132.497604,0.246968,0.662576,-0.293879,0.643144
2023.09.20-21.33.59,268.494232,-37.994286,132.497604,0.238056,0.66583,-0.302482,0.639143
2023.09.20-21.33.59,268.494232,-37.994286,132.497604,0.215807,0.67337,-0.323548,0.628742
2023.09.20-21.33.59,268.494232,-37.994286,132.497604,0.199534,0.67837,-0.33859,0.620771
2023.09.20-21.33.59,268.494232,-37.994286,132.497604,0.183229,0.682955,-0.353361,0.612484
2023.09.20-21.33.59,268.494232,-37.994286,132.497604,0.166366,0.687257,-0.368327,0.603602
2023.09.20-21.33.59,268.494232,-37.994286,132.497604,0.15286,0.690387,-0.38009,0.596265
2023.09.20-21.33.59,268.494232,-37.994286,132.497604,0.139599,0.69319,-0.391449,0.58887
2023.09.20-21.33.59,268.494232,-37.994286,132.497604,0.128215,0.695385,-0.401051,0.582373
2023.09.20-21.33.59,268.494232,-37.994286,132.497604,0.118731,0.697067,-0.408947,0.576856
2023.09.20-21.33.59,268.494232,-37.994286,132.497604,0.108092,0.698796,-0.417692,0.570555
2023.09.20-21.33.59,268.494232,-37.994286,132.497604,0.106973,0.698968,-0.418606,0.569885
2023.09.20-21.33.59,268.494232,-37.994286,132.497604,0.094089,0.700819,-0.429024,0.562084
2023.09.20-21.33.59,268.494232,-37.994286,132.497604,0.089945,0.701363,-0.432338,0.559539
2023.09.20-21.33.59,268.494232,-37.994286,132.497604,0.086631,0.70178,-0.434977,0.55749
2023.09.20-21.33.59,268.494232,-37.994286,132.497604,0.085101,0.701967,-0.436192,0.55654
2023.09.20-21.33.59,268.494232,-37.994286,132.497604,0.089679,0.701397,-0.432551,0.559374
2023.09.20-21.33.59,268.494232,-37.994286,132.497604,0.095662,0.700606,-0.427761,0.563045
2023.09.20-21.33.59,268.494232,-37.994286,132.497604,0.09505,0.700689,-0.428253,0.562672
2023.09.20-21.33.59,268.494232,-37.994286,132.497604,0.099834,0.700024,-0.424399,0.565584
2023.09.20-21.33.59,268.494232,-37.994286,132.497604,0.108198,0.69878,-0.417606,0.570618
2023.09.20-21.33.59,268.494232,-37.994286,132.497604,0.113777,0.697893,-0.413033,0.573937
2023.09.20-21.33.59,268.494232,-37.994286,132.497604,0.121578,0.696576,-0.406586,0.578522
2023.09.20-21.33.59,268.494232,-37.994286,132.497604,0.133729,0.694346,-0.396418,0.585537
2023.09.20-21.33.59,268.494232,-37.994286,132.497604,0.143515,0.69239,-0.388114,0.591073
2023.09.20-21.33.59,268.494232,-37.994286,132.497604,0.150859,0.690827,-0.381816,0.595161
2023.09.20-21.33.59,268.494232,-37.994286,132.497604,0.154814,0.689951,-0.378401,0.597338
2023.09.20-21.33.59,268.494232,-37.994286,132.497604,0.160759,0.68859,-0.373234,0.60058
2023.09.20-21.33.59,268.494232,-37.994286,132.497604,0.171975,0.685875,-0.363384,0.606591
2023.09.20-21.33.59,268.494232,-37.994286,132.497604,0.185372,0.682376,-0.351436,0.61359
2023.09.20-21.33.59,268.494232,-37.994286,132.497604,0.198861,0.678568,-0.339206,0.620435
2023.09.20-21.33.59,268.494232,-37.994286,132.497604,0.212923,0.674288,-0.326235,0.627352
2023.09.20-21.33.59,268.494232,-37.994286,132.497604,0.222536,0.671176,-0.317238,0.63195
2023.09.20-21.33.59,268.494232,-37.994286,132.497604,0.226521,0.669842,-0.313476,0.633824
2023.09.20-21.33.59,268.494232,-37.994286,132.497604,0.230106,0.668619,-0.310076,0.635494
2023.09.20-21.33.59,268.494232,-37.994286,132.497604,0.231824,0.668025,-0.308441,0.636289
2023.09.20-21.33.59,268.494232,-37.994286,132.497604,0.233966,0.667278,-0.306399,0.637275
2023.09.20-21.33.59,268.494232,-37.994286,132.497604,0.236978,0.666214,-0.303517,0.638653
2023.09.20-21.33.59,268.494232,-37.994286,132.497604,0.239834,0.665191,-0.300774,0.639949
2023.09.20-21.33.59,268.494232,-37.994286,132.497604,0.241155,0.664714,-0.299503,0.640545
2023.09.20-21.33.59,268.494232,-37.994286,132.497604,0.241934,0.664431,-0.298752,0.640896
2023.09.20-21.33.59,268.494232,-37.994286,132.497604,0.241883,0.664449,-0.298801,0.640873
2023.09.20-21.33.59,268.494232,-37.994286,132.497604,0.242187,0.664338,-0.298507,0.64101
2023.09.20-21.33.59,268.494232,-37.994286,132.497604,0.243447,0.663878,-0.297291,0.641575
2023.09.20-21.33.59,268.494232,-37.994286,132.497604,0.248913,0.661848,-0.29199,0.644004
2023.09.20-21.33.59,268.494232,-37.994286,132.497604,0.250398,0.661287,-0.290543,0.644658
2023.09.20-21.33.59,268.494232,-37.994286,132.497604,0.253477,0.660113,-0.287536,0.646005
2023.09.20-21.33.59,268.494232,-37.994286,132.497604,0.255659,0.659271,-0.285399,0.646953
2023.09.20-21.33.59,268.494232,-37.994286,132.497604,0.257323,0.658624,-0.283763,0.647672
2023.09.20-21.33.59,268.494232,-37.994286,132.497604,0.26008,0.65754,-0.281048,0.648854
2023.09.20-21.33.59,268.494232,-37.994286,132.497604,0.264968,0.655585,-0.276212,0.650928
2023.09.20-21.33.59,268.494232,-37.994286,132.497604,0.271924,0.652731,-0.269264,0.653832
2023.09.20-21.33.59,268.494232,-37.994286,132.497604,0.27914,0.649678,-0.262011,0.656773
2023.09.20-21.33.59,268.494232,-37.994286,132.497604,0.282444,0.648248,-0.258664,0.658098
2023.09.20-21.33.59,268.494232,-37.994286,132.497604,0.285026,0.647117,-0.256038,0.659124
2023.09.20-21.33.59,268.494232,-37.994286,132.497604,0.288058,0.645773,-0.252943,0.660318
2023.09.20-21.33.59,268.494232,-37.994286,132.497604,0.291458,0.644246,-0.24946,0.661642
2023.09.20-21.33.59,268.494232,-37.994286,132.497604,0.294862,0.642695,-0.245956,0.662952
2023.09.20-21.33.59,268.494232,-37.994286,132.497604,0.2956,0.642355,-0.245194,0.663234
2023.09.20-21.33.59,268.494232,-37.994286,132.497604,0.302598,0.639089,-0.237937,0.665872
2023.09.20-21.33.59,268.494232,-37.994286,132.497604,0.307464,0.636762,-0.23285,0.667668
2023.09.20-21.33.59,268.494232,-37.994286,132.497604,0.31094,0.635072,-0.229197,0.668931
2023.09.20-21.33.59,268.494232,-37.994286,132.497604,0.313029,0.634045,-0.226993,0.669682
2023.09.20-21.33.59,268.494232,-37.994286,132.497604,0.314549,0.633292,-0.225387,0.670224
2023.09.20-21.33.59,268.494232,-37.994286,132.497604,0.318129,0.631501,-0.221589,0.67149
2023.09.20-21.33.59,268.494232,-37.994286,132.497604,0.320155,0.630476,-0.219432,0.672198
2023.09.20-21.33.59,268.494232,-37.994286,132.497604,0.320965,0.630065,-0.218568,0.672479
2023.09.20-21.33.59,268.494232,-37.994286,132.497604,0.321467,0.629808,-0.218031,0.672653
2023.09.20-21.33.59,268.494232,-37.994286,132.497604,0.321289,0.629899,-0.218222,0.672591
2023.09.20-21.33.59,268.494232,-37.994286,132.497604,0.321333,0.629877,-0.218175,0.672607
2023.09.20-21.34.00,268.494232,-37.994286,132.497604,0.322326,0.629369,-0.217114,0.67295
2023.09.20-21.34.00,268.494232,-37.994286,132.497604,0.324053,0.628482,-0.215265,0.673543
2023.09.20-21.34.00,268.494232,-37.994286,132.497604,0.326103,0.627421,-0.213065,0.674243
2023.09.20-21.34.00,268.494232,-37.994286,132.497604,0.327212,0.626843,-0.211873,0.674618
2023.09.20-21.34.00,268.494232,-37.994286,132.497604,0.328159,0.626348,-0.210852,0.674938
2023.09.20-21.34.00,268.494232,-37.994286,132.497604,0.332169,0.624231,-0.20652,0.676276
2023.09.21-22.48.44,268.494232,-37.994286,132.497604,0.270598,0.653281,-0.270598,0.653281
2023.09.21-22.48.44,268.494232,-37.994286,132.497604,0.28464,0.647287,-0.25643,0.658972
2023.09.21-22.48.44,268.494232,-37.994286,132.497604,0.291725,0.644124,-0.249185,0.661745
2023.09.21-22.48.44,268.494232,-37.994286,132.497604,0.301231,0.639734,-0.239359,0.665362
2023.09.21-22.48.44,268.494232,-37.994286,132.497604,0.327544,0.62667,-0.211515,0.674731
2023.09.21-22.48.44,268.494232,-37.994286,132.497604,0.34206,0.618866,-0.195732,0.679477
2023.09.21-22.48.44,268.494232,-37.994286,132.497604,0.35498,0.611546,-0.181421,0.683437
2023.09.21-22.48.44,268.494232,-37.994286,132.497604,0.359623,0.608828,-0.176216,0.684798
2023.09.21-22.48.44,268.494232,-37.994286,132.497604,0.390144,0.589735,-0.141133,0.692879
2023.09.21-22.48.44,268.494232,-37.994286,132.497604,0.390817,0.589289,-0.140342,0.69304
2023.09.21-22.48.44,268.494232,-37.994286,132.497604,0.423012,0.566622,-0.101549,0.699777
2023.09.21-22.48.44,268.494232,-37.994286,132.497604,0.446581,0.548239,-0.071884,0.703443
2023.09.21-22.48.44,268.494232,-37.994286,132.497604,0.471128,0.527293,-0.039716,0.70599
2023.09.21-22.48.44,268.494232,-37.994286,132.497604,0.488351,0.511383,-0.016288,0.706919
2023.09.21-22.48.44,268.494232,-37.994286,132.497604,0.514475,0.485093,0.020774,0.706801
2023.09.21-22.48.44,268.494232,-37.994286,132.497604,0.537149,0.459859,0.054651,0.704992
2023.09.21-22.48.44,268.494232,-37.994286,132.497604,0.556365,0.436414,0.084817,0.702001
2023.09.21-22.48.44,268.494232,-37.994286,132.497604,0.574274,0.412564,0.114345,0.6978
2023.09.21-22.48.44,268.494232,-37.994286,132.497604,0.591325,0.387731,0.143961,0.692297
2023.09.21-22.48.44,268.494232,-37.994286,132.497604,0.607865,0.361248,0.174383,0.685267
2023.09.21-22.48.44,268.494232,-37.994286,132.497604,0.623938,0.332718,0.205923,0.676458
2023.09.21-22.48.44,268.494232,-37.994286,132.497604,0.638514,0.303808,0.236672,0.666323
2023.09.21-22.48.44,268.494232,-37.994286,132.497604,0.652542,0.272376,0.268817,0.654016
2023.09.21-22.48.44,268.494232,-37.994286,132.497604,0.666849,0.235186,0.305231,0.637836
2023.09.21-22.48.44,268.494232,-37.994286,132.497604,0.677908,0.201097,0.337155,0.621552
2023.09.21-22.48.44,268.494232,-37.994286,132.497604,0.687032,0.167293,0.36751,0.6041
2023.09.21-22.48.44,268.494232,-37.994286,132.497604,0.691604,0.147254,0.384912,0.593163
2023.09.21-22.48.44,268.494232,-37.994286,132.497604,0.699883,0.100818,0.423601,0.566182
2023.09.21-22.48.44,268.494232,-37.994286,132.497604,0.703796,0.068346,0.44933,0.545988
2023.09.21-22.48.44,268.494232,-37.994286,132.497604,0.706121,0.03733,0.472905,0.5257
2023.09.21-22.48.44,268.494232,-37.994286,132.497604,0.707068,0.007423,0.494722,0.505222
2023.09.21-22.48.44,268.494232,-37.994286,132.497604,0.706858,-0.018769,0.513094,0.486553
2023.09.21-22.48.44,268.494232,-37.994286,132.497604,0.705754,-0.043716,0.529955,0.468132
2023.09.21-22.48.44,268.494232,-37.994286,132.497604,0.704207,-0.063971,0.543183,0.452717
2023.09.21-22.48.44,268.494232,-37.994286,132.497604,0.701693,-0.08733,0.557923,0.434421
2023.09.21-22.48.44,268.494232,-37.994286,132.497604,0.698775,-0.108229,0.570637,0.41758
2023.09.21-22.48.44,268.494232,-37.994286,132.497604,0.695517,-0.1275,0.58196,0.40165
2023.09.21-22.48.44,268.494232,-37.994286,132.497604,0.692113,-0.144844,0.591817,0.386979
2023.09.21-22.48.44,268.494232,-37.994286,132.497604,0.689414,-0.157189,0.598638,0.376341
2023.09.21-22.48.44,268.494232,-37.994286,132.497604,0.686607,-0.169028,0.605025,0.365984
2023.09.21-22.48.44,268.494232,-37.994286,132.497604,0.684552,-0.177169,0.609328,0.358775
2023.09.21-22.48.44,268.494232,-37.994286,132.497604,0.682454,-0.185085,0.613442,0.351694
2023.09.21-22.48.44,268.494232,-37.994286,132.497604,0.6808,-0.191078,0.616511,0.346287
2023.09.21-22.48.44,268.494232,-37.994286,132.497604,0.684011,-0.179244,0.610413,0.356925
2023.09.21-22.48.44,268.494232,-37.994286,132.497604,0.685776,-0.172368,0.606799,0.363036
2023.09.21-22.48.45,268.494232,-37.994286,132.497604,0.685294,-0.174277,0.607808,0.361345
2023.09.21-22.48.45,268.494232,-37.994286,132.497604,0.683379,-0.181639,0.61166,0.354785
2023.09.21-22.48.45,268.494232,-37.994286,132.497604,0.68262,-0.184471,0.613126,0.352246
2023.09.21-22.48.45,268.494232,-37.994286,132.497604,0.681603,-0.188196,0.61504,0.348893
2023.09.21-22.48.45,268.494232,-37.994286,132.497604,0.679259,-0.196488,0.619246,0.341372
2023.09.21-22.48.45,268.494232,-37.994286,132.497604,0.678542,-0.198948,0.620479,0.339125
2023.09.21-22.48.45,268.494232,-37.994286,132.497604,0.6785,-0.199092,0.620551,0.338994
2023.09.21-22.48.45,268.494232,-37.994286,132.497604,0.678566,-0.198866,0.620438,0.3392
2023.09.21-22.48.45,268.494232,-37.994286,132.497604,0.678231,-0.200005,0.621007,0.338158
2023.09.21-22.48.45,268.494232,-37.994286,132.497604,0.678074,-0.200539,0.621273,0.337669
2023.09.21-22.48.45,268.494232,-37.994286,132.497604,0.678719,-0.198345,0.620177,0.339677
2023.09.21-22.48.45,268.494232,-37.994286,132.497604,0.680054,-0.193717,0.617849,0.343893
2023.09.21-22.48.45,268.494232,-37.994286,132.497604,0.682062,-0.186525,0.614183,0.350398
2023.09.21-22.48.45,268.494232,-37.994286,132.497604,0.685008,-0.175399,0.608398,0.360349
2023.09.21-22.48.45,268.494232,-37.994286,132.497604,0.688712,-0.160235,0.600296,0.373691
2023.09.21-22.48.45,268.494232,-37.994286,132.497604,0.692323,-0.143835,0.591252,0.387841
2023.09.21-22.48.45,268.494232,-37.994286,132.497604,0.695614,-0.126972,0.581655,0.402091
2023.09.21-22.48.45,268.494232,-37.994286,132.497604,0.698376,-0.110775,0.572155,0.415498
2023.09.21-22.48.45,268.494232,-37.994286,132.497604,0.701316,-0.090307,0.559761,0.43205
2023.09.21-22.48.45,268.494232,-37.994286,132.497604,0.703529,-0.071039,0.547702,0.447239
2023.09.21-22.48.45,268.494232,-37.994286,132.497604,0.705207,-0.051797,0.535282,0.462031
2023.09.21-22.48.45,268.494232,-37.994286,132.497604,0.706462,-0.030196,0.520895,0.478193
2023.09.21-22.48.45,268.494232,-37.994286,132.497604,0.707034,-0.010163,0.507134,0.492763
2023.09.21-22.48.45,268.494232,-37.994286,132.497604,0.707049,0.009041,0.493565,0.506353
2023.09.21-22.48.45,268.494232,-37.994286,132.497604,0.70636,0.032482,0.476503,0.522441
2023.09.21-22.48.45,268.494232,-37.994286,132.497604,0.704953,0.055146,0.459482,0.537472
2023.09.21-22.48.45,268.494232,-37.994286,132.497604,0.702627,0.079472,0.440636,0.553028
2023.09.21-22.48.45,268.494232,-37.994286,132.497604,0.699153,0.105761,0.419591,0.56916
2023.09.21-22.48.45,268.494232,-37.994286,132.497604,0.694971,0.130444,0.39918,0.583657
2023.09.21-22.48.45,268.494232,-37.994286,132.497604,0.689686,0.155991,0.377379,0.597984
2023.09.21-22.48.45,268.494232,-37.994286,132.497604,0.683077,0.182772,0.353768,0.612248
2023.09.21-22.48.45,268.494232,-37.994286,132.497604,0.676093,0.207119,0.331614,0.624526
2023.09.21-22.48.45,268.494232,-37.994286,132.497604,0.669103,0.228695,0.311414,0.634839
2023.09.21-22.48.45,268.494232,-37.994286,132.497604,0.660403,0.252721,0.288273,0.645677
2023.09.21-22.48.45,268.494232,-37.994286,132.497604,0.651823,0.274094,0.267093,0.654722
2023.09.21-22.48.45,268.494232,-37.994286,132.497604,0.641935,0.296512,0.244249,0.663583
2023.09.21-22.48.45,268.494232,-37.994286,132.497604,0.632397,0.316344,0.223482,0.670862
2023.09.21-22.48.45,268.494232,-37.994286,132.497604,0.621193,0.337815,0.200378,0.678121
2023.09.21-22.48.45,268.494232,-37.994286,132.497604,0.611104,0.355742,0.180567,0.683663
2023.09.21-22.48.45,268.494232,-37.994286,132.497604,0.598801,0.376082,0.157485,0.689346
2023.09.21-22.48.45,268.494232,-37.994286,132.497604,0.586208,0.395424,0.134903,0.694119
2023.09.21-22.48.45,268.494232,-37.994286,132.497604,0.573435,0.413729,0.112928,0.698031
2023.09.21-22.48.45,268.494232,-37.994286,132.497604,0.558612,0.433535,0.088441,0.701554
2023.09.21-22.48.45,268.494232,-37.994286,132.497604,0.544096,0.451619,0.06539,0.704077
2023.09.21-22.48.45,268.494232,-37.994286,132.497604,0.528196,0.470116,0.041067,0.705913
2023.09.21-22.48.45,268.494232,-37.994286,132.497604,0.513463,0.486164,0.019302,0.706843
2023.09.21-22.48.45,268.494232,-37.994286,132.497604,0.496247,0.503725,-0.005289,0.707087
2023.09.21-22.48.45,268.494232,-37.994286,132.497604,0.479917,0.519307,-0.027854,0.706558
2023.09.21-22.48.45,268.494232,-37.994286,132.497604,0.463499,0.534012,-0.049861,0.705347
2023.09.21-22.48.45,268.494232,-37.994286,132.497604,0.447141,0.547782,-0.071166,0.703516
2023.09.21-22.48.45,268.494232,-37.994286,132.497604,0.431534,0.560159,-0.090953,0.701233
2023.09.21-22.48.45,268.494232,-37.994286,132.497604,0.415421,0.572211,-0.110868,0.698361
2023.09.21-22.48.45,268.494232,-37.994286,132.497604,0.399434,0.583483,-0.130144,0.695027
2023.09.21-22.48.45,268.494232,-37.994286,132.497604,0.384308,0.593555,-0.147961,0.691453
2023.09.21-22.48.45,268.494232,-37.994286,132.497604,0.36998,0.60259,-0.164481,0.687711
2023.09.21-22.48.45,268.494232,-37.994286,132.497604,0.356255,0.610805,-0.179995,0.683814
2023.09.21-22.48.45,268.494232,-37.994286,132.497604,0.341648,0.619094,-0.196185,0.679346
2023.09.21-22.48.45,268.494232,-37.994286,132.497604,0.327582,0.62665,-0.211474,0.674744
2023.09.21-22.48.45,268.494232,-37.994286,132.497604,0.314919,0.633108,-0.224994,0.670356
2023.09.21-22.48.45,268.494232,-37.994286,132.497604,0.305565,0.637676,-0.234839,0.666971
2023.09.21-22.48.45,268.494232,-37.994286,132.497604,0.303427,0.638695,-0.237071,0.666181
2023.09.21-22.48.45,268.494232,-37.994286,132.497604,0.299837,0.640389,-0.240807,0.66484
2023.09.21-22.48.45,268.494232,-37.994286,132.497604,0.293566,0.643288,-0.247292,0.662455
2023.09.21-22.48.45,268.494232,-37.994286,132.497604,0.283338,0.647858,-0.257755,0.658455
2023.09.21-22.48.45,268.494232,-37.994286,132.497604,0.271885,0.652747,-0.269304,0.653816
2023.09.21-22.48.45,268.494232,-37.994286,132.497604,0.265173,0.655502,-0.276007,0.651014
2023.09.21-22.48.45,268.494232,-37.994286,132.497604,0.259226,0.657877,-0.28189,0.648489
2023.09.21-22.48.45,268.494232,-37.994286,132.497604,0.253391,0.660146,-0.287622,0.645967
2023.09.21-22.48.45,268.494232,-37.994286,132.497604,0.24751,0.662373,-0.293354,0.643385
2023.09.21-22.48.45,268.494232,-37.994286,132.497604,0.243223,0.66396,-0.297507,0.641474
2023.09.21-22.48.45,268.494232,-37.994286,132.497604,0.240458,0.664966,-0.300174,0.640231
2023.09.21-22.48.45,268.494232,-37.994286,132.497604,0.235905,0.666595,-0.304545,0.638163
2023.09.21-22.48.46,268.494232,-37.994286,132.497604,0.229436,0.668849,-0.310714,0.635183
2023.09.21-22.48.46,268.494232,-37.994286,132.497604,0.224201,0.670622,-0.315668,0.632735
2023.09.21-22.48.46,268.494232,-37.994286,132.497604,0.223461,0.670869,-0.316366,0.632386
2023.09.21-22.48.46,268.494232,-37.994286,132.497604,0.223996,0.670691,-0.315863,0.632638
2023.09.21-22.48.46,268.494232,-37.994286,132.497604,0.223197,0.670957,-0.316615,0.632261
2023.09.21-22.48.46,268.494232,-37.994286,132.497604,0.221007,0.671681,-0.318676,0.631225
2023.09.21-22.48.46,268.494232,-37.994286,132.497604,0.21987,0.672054,-0.319744,0.630685
2023.09.21-22.48.46,268.494232,-37.994286,132.497604,0.219156,0.672287,-0.320413,0.630345
2023.09.21-22.48.46,268.494232,-37.994286,132.497604,0.219213,0.672269,-0.32036,0.630372
2023.09.21-22.48.46,268.494232,-37.994286,132.497604,0.220303,0.671913,-0.319338,0.630891
2023.09.21-22.48.46,268.494232,-37.994286,132.497604,0.223015,0.671018,-0.316787,0.632176
2023.09.21-22.48.46,268.494232,-37.994286,132.497604,0.227059,0.66966,-0.312967,0.634075
2023.09.21-22.48.46,268.494232,-37.994286,132.497604,0.233455,0.667457,-0.306887,0.63704
2023.09.21-22.48.46,268.494232,-37.994286,132.497604,0.239247,0.665403,-0.301339,0.639683
2023.09.21-22.48.46,268.494232,-37.994286,132.497604,0.245235,0.663219,-0.295561,0.642374
2023.09.21-22.48.46,268.494232,-37.994286,132.497604,0.249973,0.661448,-0.290959,0.644471
2023.09.21-22.48.46,268.494232,-37.994286,132.497604,0.254467,0.659732,-0.286567,0.646436
2023.09.21-22.48.46,268.494232,-37.994286,132.497604,0.257862,0.658413,-0.283232,0.647904
2023.09.21-22.48.46,268.494232,-37.994286,132.497604,0.262195,0.656699,-0.278959,0.649755
2023.09.21-22.48.46,268.494232,-37.994286,132.497604,0.263175,0.656307,-0.277987,0.650172
2023.09.21-22.48.46,268.494232,-37.994286,132.497604,0.263589,0.656141,-0.277577,0.650347
2023.09.21-22.48.46,268.494232,-37.994286,132.497604,0.26395,0.655996,-0.277222,0.650498
2023.09.21-22.48.46,268.494232,-37.994286,132.497604,0.264594,0.655736,-0.276582,0.650771
2023.09.21-22.53.19,268.494232,-37.994286,132.497604,0.270598,0.653281,-0.270598,0.653281
2023.09.21-22.53.19,268.494232,-37.994286,132.497604,0.280644,0.649029,-0.260487,0.657378
2023.09.21-22.53.19,268.494232,-37.994286,132.497604,0.288535,0.64556,-0.252456,0.660504
2023.09.21-22.53.19,268.494232,-37.994286,132.497604,0.300162,0.640237,-0.240471,0.664961
2023.09.21-22.53.19,268.494232,-37.994286,132.497604,0.31178,0.63466,-0.228311,0.669234
2023.09.21-22.53.19,268.494232,-37.994286,132.497604,0.326556,0.627185,-0.212579,0.674396
2023.09.21-22.53.19,268.494232,-37.994286,132.497604,0.342805,0.618454,-0.194914,0.679712
2023.09.21-22.53.19,268.494232,-37.994286,132.497604,0.363315,0.606632,-0.172052,0.685856
2023.09.21-22.53.19,268.494232,-37.994286,132.497604,0.381011,0.595676,-0.151792,0.690622
2023.09.21-22.53.19,268.494232,-37.994286,132.497604,0.398232,0.584304,-0.131575,0.694758
2023.09.21-22.53.19,268.494232,-37.994286,132.497604,0.41706,0.571017,-0.108865,0.698676
2023.09.21-22.53.19,268.494232,-37.994286,132.497604,0.425141,0.565027,-0.098916,0.700154
2023.09.21-22.53.19,268.494232,-37.994286,132.497604,0.442653,0.551415,-0.076907,0.702912
2023.09.21-22.53.19,268.494232,-37.994286,132.497604,0.46796,0.530107,-0.043946,0.70574
2023.09.21-22.53.19,268.494232,-37.994286,132.497604,0.491923,0.507949,-0.011333,0.707016
2023.09.21-22.53.19,268.494232,-37.994286,132.497604,0.501433,0.498563,0.002029,0.707104
2023.09.21-22.53.19,268.494232,-37.994286,132.497604,0.521727,0.477284,0.031425,0.706408
2023.09.21-22.53.19,268.494232,-37.994286,132.497604,0.543855,0.451909,0.065014,0.704112
2023.09.21-22.53.19,268.494232,-37.994286,132.497604,0.560222,0.431452,0.091053,0.70122
2023.09.21-22.53.19,268.494232,-37.994286,132.497604,0.578878,0.406079,0.122187,0.69647
2023.09.21-22.53.19,268.494232,-37.994286,132.497604,0.595927,0.380619,0.152245,0.690523
2023.09.21-22.53.19,268.494232,-37.994286,132.497604,0.613937,0.35083,0.186044,0.682193
2023.09.21-22.53.19,268.494232,-37.994286,132.497604,0.62633,0.328192,0.210814,0.67495
2023.09.21-22.53.19,268.494232,-37.994286,132.497604,0.639136,0.302498,0.238038,0.665836
2023.09.21-22.53.19,268.494232,-37.994286,132.497604,0.648741,0.281311,0.259811,0.657646
2023.09.21-22.53.19,268.494232,-37.994286,132.497604,0.663979,0.24317,0.297556,0.641452
2023.09.21-22.53.19,268.494232,-37.994286,132.497604,0.66911,0.228673,0.311435,0.634829
2023.09.21-22.53.19,268.494232,-37.994286,132.497604,0.673623,0.215016,0.324283,0.628363
2023.09.21-22.53.19,268.494232,-37.994286,132.497604,0.677649,0.201971,0.336353,0.621986
2023.09.21-22.53.19,268.494232,-37.994286,132.497604,0.682652,0.184353,0.352349,0.613066
2023.09.21-22.53.19,268.494232,-37.994286,132.497604,0.686511,0.169418,0.365639,0.605234
2023.09.21-22.53.20,268.494232,-37.994286,132.497604,0.689543,0.156624,0.376829,0.598331
2023.09.21-22.53.20,268.494232,-37.994286,132.497604,0.692221,0.144325,0.38742,0.591528
2023.09.21-22.53.20,268.494232,-37.994286,132.497604,0.694143,0.134777,0.395531,0.586136
2023.09.21-22.53.20,268.494232,-37.994286,132.497604,0.695556,0.127287,0.401825,0.581839
2023.09.21-22.53.20,268.494232,-37.994286,132.497604,0.696804,0.120267,0.407672,0.577757
2023.09.21-22.53.20,268.494232,-37.994286,132.497604,0.697701,0.114947,0.412068,0.57463
2023.09.21-22.53.20,268.494232,-37.994286,132.497604,0.697757,0.114611,0.412345,0.574431
2023.09.21-22.53.20,268.494232,-37.994286,132.497604,0.698451,0.110301,0.415883,0.571875
2023.09.21-22.53.20,268.494232,-37.994286,132.497604,0.698839,0.107816,0.417915,0.570392
2023.09.21-22.53.20,268.494232,-37.994286,132.497604,0.699128,0.105923,0.419458,0.569258
2023.09.21-22.53.20,268.494232,-37.994286,132.497604,0.699077,0.106263,0.419181,0.569462
2023.09.21-22.53.20,268.494232,-37.994286,132.497604,0.699219,0.105325,0.419945,0.568899
2023.09.21-22.53.20,268.494232,-37.994286,132.497604,0.698933,0.107201,0.418417,0.570024
2023.09.21-22.53.20,268.494232,-37.994286,132.497604,0.69871,0.108649,0.417235,0.57089
2023.09.21-22.53.20,268.494232,-37.994286,132.497604,0.698612,0.109275,0.416723,0.571263
2023.09.21-22.53.20,268.494232,-37.994286,132.497604,0.69847,0.110177,0.415985,0.571801
2023.09.21-22.53.20,268.494232,-37.994286,132.497604,0.698062,0.112739,0.413884,0.573323
2023.09.21-22.53.20,268.494232,-37.994286,132.497604,0.697322,0.117226,0.410189,0.575973
2023.09.21-22.53.20,268.494232,-37.994286,132.497604,0.696597,0.12146,0.406682,0.578454
2023.09.21-22.53.20,268.494232,-37.994286,132.497604,0.695542,0.127365,0.401761,0.581883
2023.09.21-22.53.20,268.494232,-37.994286,132.497604,0.694132,0.134837,0.39548,0.58617
2023.09.21-22.53.20,268.494232,-37.994286,132.497604,0.692474,0.143105,0.388462,0.590845
2023.09.21-22.53.20,268.494232,-37.994286,132.497604,0.690301,0.153248,0.379753,0.596479
2023.09.21-22.53.20,268.494232,-37.994286,132.497604,0.687767,0.164246,0.370184,0.602465
2023.09.21-22.53.20,268.494232,-37.994286,132.497604,0.684821,0.176125,0.359701,0.608782
2023.09.21-22.53.20,268.494232,-37.994286,132.497604,0.681053,0.190174,0.347103,0.616051
2023.09.21-22.53.20,268.494232,-37.994286,132.497604,0.676652,0.205284,0.333307,0.623624
2023.09.21-22.53.20,268.494232,-37.994286,132.497604,0.671189,0.222499,0.31727,0.631933
2023.09.21-22.53.20,268.494232,-37.994286,132.497604,0.664301,0.242291,0.298405,0.641057
2023.09.21-22.53.20,268.494232,-37.994286,132.497604,0.655874,0.264252,0.276917,0.650628
2023.09.21-22.53.20,268.494232,-37.994286,132.497604,0.64542,0.288848,0.252133,0.660628
2023.09.21-22.53.20,268.494232,-37.994286,132.497604,0.630447,0.320214,0.219367,0.672219
2023.09.21-22.53.20,268.494232,-37.994286,132.497604,0.611623,0.354849,0.181565,0.683399
2023.09.21-22.53.20,268.494232,-37.994286,132.497604,0.588451,0.392078,0.138856,0.693339
2023.09.21-22.53.20,268.494232,-37.994286,132.497604,0.55944,0.432466,0.089783,0.701384
2023.09.21-22.53.20,268.494232,-37.994286,132.497604,0.522781,0.47613,0.032986,0.706337
2023.09.21-22.53.21,268.494232,-37.994286,132.497604,0.478797,0.52034,-0.029377,0.706496
2023.09.21-22.53.21,268.494232,-37.994286,132.497604,0.426965,0.56365,-0.096652,0.70047
2023.09.21-22.53.21,268.494232,-37.994286,132.497604,0.36961,0.602817,-0.164903,0.68761
2023.09.21-22.53.21,268.494232,-37.994286,132.497604,0.326216,0.627362,-0.212944,0.674281
2023.09.21-22.53.21,268.494232,-37.994286,132.497604,0.209968,0.675213,-0.328979,0.625918
2023.09.21-22.53.21,268.494232,-37.994286,132.497604,0.138016,0.693507,-0.392792,0.587975
2023.09.21-22.53.21,268.494232,-37.994286,132.497604,0.080698,0.702487,-0.439672,0.553794
2023.09.21-22.53.21,268.494232,-37.994286,132.497604,0.051335,0.705241,-0.462383,0.534979
2023.09.21-22.53.21,268.494232,-37.994286,132.497604,0.060409,0.704522,-0.455457,0.540887
2023.09.21-22.53.21,268.494232,-37.994286,132.497604,0.016414,0.706916,-0.48826,0.511471
2023.09.21-22.53.21,268.494232,-37.994286,132.497604,-0.035619,0.706209,-0.524553,0.474178
2023.09.21-22.53.21,268.494232,-37.994286,132.497604,-0.071494,0.703483,-0.547992,0.446883
2023.09.21-22.53.21,268.494232,-37.994286,132.497604,-0.119105,0.697003,-0.577077,0.408635
2023.09.21-22.53.21,268.494232,-37.994286,132.497604,-0.153225,0.690306,-0.596467,0.379772
2023.09.21-22.53.21,268.494232,-37.994286,132.497604,-0.219996,0.672013,-0.630746,0.319623
2023.09.21-22.53.21,268.494232,-37.994286,132.497604,-0.251659,0.660808,-0.645212,0.289311
2023.09.21-22.53.21,268.494232,-37.994286,132.497604,-0.272056,0.652676,-0.653885,0.269137
2023.09.21-22.53.21,268.494232,-37.994286,132.497604,-0.347619,0.61576,-0.681213,0.189603
2023.09.21-22.53.21,268.494232,-37.994286,132.497604,-0.388038,0.591123,-0.692372,0.143601
2023.09.21-22.53.21,268.494232,-37.994286,132.497604,-0.425228,0.564961,-0.70017,0.098805
2023.09.21-22.53.21,268.494232,-37.994286,132.497604,-0.485399,0.514187,-0.706814,0.020355
2023.09.21-22.53.21,268.494232,-37.994286,132.497604,-0.516936,0.48247,-0.706687,-0.024372
2023.09.21-22.53.21,268.494232,-37.994286,132.497604,-0.551238,0.442873,-0.702943,-0.076627
2023.09.21-22.53.21,268.494232,-37.994286,132.497604,-0.58104,0.40298,-0.695807,-0.125909
2023.09.21-22.53.21,268.494232,-37.994286,132.497604,-0.604171,0.367393,-0.686999,-0.167429
2023.09.21-22.53.21,268.494232,-37.994286,132.497604,-0.622438,0.335516,-0.677375,-0.202886
2023.09.21-22.53.21,268.494232,-37.994286,132.497604,-0.636569,0.307864,-0.667814,-0.232431
2023.09.21-22.53.21,268.494232,-37.994286,132.497604,-0.636569,0.307864,-0.667814,-0.232431
2023.09.21-22.53.21,268.494232,-37.994286,132.497604,-0.636569,0.307864,-0.667814,-0.232431
2023.09.21-22.53.21,268.494232,-37.994286,132.497604,-0.633521,0.314088,-0.67006,-0.225874
2023.09.21-22.53.21,268.494232,-37.994286,132.497604,-0.633521,0.314088,-0.67006,-0.225874
2023.09.21-22.53.21,268.494232,-37.994286,132.497604,-0.633521,0.314088,-0.67006,-0.225874
2023.09.21-22.53.21,268.494232,-37.994286,132.497604,-0.640203,0.300234,-0.664989,-0.240396
2023.09.21-22.53.21,268.494232,-37.994286,132.497604,-0.640203,0.300234,-0.664989,-0.240396
2023.09.21-22.53.21,268.494232,-37.994286,132.497604,-0.640203,0.300234,-0.664989,-0.240396
2023.09.21-22.53.21,268.494232,-37.994286,132.497604,-0.639038,0.302705,-0.665912,-0.237825
2023.09.21-22.53.21,268.494232,-37.994286,132.497604,-0.636927,0.307123,-0.667543,-0.233208
2023.09.21-22.53.21,268.494232,-37.994286,132.497604,-0.636189,0.308649,-0.6681,-0.231607
2023.09.21-22.53.21,268.494232,-37.994286,132.497604,-0.633668,0.313791,-0.669954,-0.226189
2023.09.21-22.53.21,268.494232,-37.994286,132.497604,-0.630761,0.319595,-0.672002,-0.220029
2023.09.21-22.53.21,268.494232,-37.994286,132.497604,-0.622094,0.336153,-0.677583,-0.202191
2023.09.21-22.53.22,268.494232,-37.994286,132.497604,-0.604591,0.366702,-0.686807,-0.168214
2023.09.21-22.53.22,268.494232,-37.994286,132.497604,-0.586218,0.395409,-0.694115,-0.134924
2023.09.21-22.53.22,268.494232,-37.994286,132.497604,-0.563229,0.427519,-0.700565,-0.095963
2023.09.21-22.53.22,268.494232,-37.994286,132.497604,-0.535941,0.461267,-0.705132,-0.052804
2023.09.21-22.53.22,268.494232,-37.994286,132.497604,-0.503723,0.496249,-0.707087,-0.005287
2023.09.21-22.53.22,268.494232,-37.994286,132.497604,-0.462925,0.534509,-0.705293,0.050616
2023.09.21-22.53.22,268.494232,-37.994286,132.497604,-0.419075,0.569541,-0.699057,0.106394
2023.09.21-22.53.22,268.494232,-37.994286,132.497604,-0.377962,0.597616,-0.689838,0.155317
2023.09.21-22.53.22,268.494232,-37.994286,132.497604,-0.330869,0.62492,-0.675846,0.207924
2023.09.21-22.53.22,268.494232,-37.994286,132.497604,-0.283264,0.64789,-0.658426,0.257828
2023.09.21-22.53.22,268.494232,-37.994286,132.497604,-0.243517,0.663852,-0.641607,0.297221
2023.09.21-22.53.22,268.494232,-37.994286,132.497604,-0.200967,0.677947,-0.621487,0.337275
2023.09.21-22.53.22,268.494232,-37.994286,132.497604,-0.150701,0.690861,-0.595075,0.38195
2023.09.21-22.53.22,268.494232,-37.994286,132.497604,-0.106332,0.699066,-0.569503,0.419126
2023.09.21-22.53.22,268.494232,-37.994286,132.497604,-0.062098,0.704375,-0.541979,0.454157
2023.09.21-22.53.22,268.494232,-37.994286,132.497604,-0.023412,0.706719,-0.516281,0.48317
2023.09.21-22.53.22,268.494232,-37.994286,132.497604,0.015792,0.70693,-0.48871,0.511041
2023.09.21-22.53.22,268.494232,-37.994286,132.497604,0.057591,0.704758,-0.457617,0.539061
2023.09.21-22.53.22,268.494232,-37.994286,132.497604,0.105204,0.699237,-0.420045,0.568825
2023.09.21-22.53.22,268.494232,-37.994286,132.497604,0.1534,0.690267,-0.379623,0.596562
2023.09.21-22.53.22,268.494232,-37.994286,132.497604,0.19423,0.679908,-0.343427,0.618108
2023.09.21-22.53.22,268.494232,-37.994286,132.497604,0.23076,0.668393,-0.309455,0.635797
2023.09.21-22.53.22,268.494232,-37.994286,132.497604,0.263812,0.656051,-0.277357,0.650441
2023.09.21-22.53.22,268.494232,-37.994286,132.497604,0.292912,0.643586,-0.247965,0.662204
2023.09.21-22.53.22,268.494232,-37.994286,132.497604,0.311878,0.634612,-0.228208,0.669269
2023.09.21-22.53.22,268.494232,-37.994286,132.497604,0.316894,0.632122,-0.222901,0.671055
2023.09.21-22.53.22,268.494232,-37.994286,132.497604,0.339213,0.620431,-0.198852,0.67857
2023.09.21-22.53.22,268.494232,-37.994286,132.497604,0.357292,0.610198,-0.178833,0.684119
2023.09.21-22.53.22,268.494232,-37.994286,132.497604,0.363005,0.606817,-0.172402,0.685768
2023.09.21-22.53.22,268.494232,-37.994286,132.497604,0.370037,0.602555,-0.164417,0.687726
2023.09.21-22.53.22,268.494232,-37.994286,132.497604,0.392078,0.588451,-0.138859,0.693338
2023.09.21-22.53.22,268.494232,-37.994286,132.497604,0.407087,0.57817,-0.120975,0.696681
2023.09.21-22.53.22,268.494232,-37.994286,132.497604,0.422681,0.566869,-0.101958,0.699717
2023.09.21-22.53.22,268.494232,-37.994286,132.497604,0.438375,0.554822,-0.082342,0.702296
2023.09.21-22.53.22,268.494232,-37.994286,132.497604,0.455142,0.541152,-0.06082,0.704486
2023.09.21-22.53.22,268.494232,-37.994286,132.497604,0.468637,0.529509,-0.043044,0.705795
2023.09.21-22.53.23,268.494232,-37.994286,132.497604,0.48249,0.516917,-0.024344,0.706688
2023.09.21-22.53.23,268.494232,-37.994286,132.497604,0.49359,0.506329,-0.009009,0.707049
2023.09.21-22.53.23,268.494232,-37.994286,132.497604,0.508871,0.490968,0.012658,0.706993
2023.09.21-22.53.23,268.494232,-37.994286,132.497604,0.521201,0.47786,0.030645,0.706442
2023.09.21-22.53.23,268.494232,-37.994286,132.497604,0.531444,0.466441,0.045962,0.705611
2023.09.21-22.53.23,268.494232,-37.994286,132.497604,0.538792,0.457934,0.057174,0.704791
2023.09.21-22.53.23,268.494232,-37.994286,132.497604,0.544264,0.451417,0.065651,0.704052
2023.09.21-22.53.23,268.494232,-37.994286,132.497604,0.546432,0.44879,0.069042,0.703728
2023.09.21-22.53.23,268.494232,-37.994286,132.497604,0.545132,0.450368,0.067006,0.703925
2023.09.21-22.53.23,268.494232,-37.994286,132.497604,0.539896,0.456632,0.058875,0.704651
2023.09.21-22.53.23,268.494232,-37.994286,132.497604,0.538272,0.458545,0.056374,0.704856
2023.09.21-22.53.23,268.494232,-37.994286,132.497604,0.537948,0.458925,0.055876,0.704896
2023.09.21-22.53.23,268.494232,-37.994286,132.497604,0.537835,0.459057,0.055703,0.704909
2023.09.21-22.53.23,268.494232,-37.994286,132.497604,0.539142,0.457521,0.057714,0.704747
2023.09.21-22.53.23,268.494232,-37.994286,132.497604,0.540983,0.455344,0.060554,0.704509
2023.09.21-22.53.23,268.494232,-37.994286,132.497604,0.543403,0.452453,0.06431,0.704176
2023.09.21-22.53.23,268.494232,-37.994286,132.497604,0.54497,0.450564,0.066753,0.703949
2023.09.21-22.53.23,268.494232,-37.994286,132.497604,0.546004,0.44931,0.068372,0.703793
2023.09.21-22.53.23,268.494232,-37.994286,132.497604,0.55084,0.443369,0.075992,0.703012
2023.09.21-22.53.23,268.494232,-37.994286,132.497604,0.556346,0.436439,0.084786,0.702005
2023.09.21-22.53.23,268.494232,-37.994286,132.497604,0.562766,0.428129,0.095201,0.700669
2023.09.21-22.53.23,268.494232,-37.994286,132.497604,0.573337,0.413865,0.112762,0.698058
2023.09.21-22.53.23,268.494232,-37.994286,132.497604,0.579509,0.405178,0.123269,0.696279
2023.09.21-22.53.23,268.494232,-37.994286,132.497604,0.586657,0.394758,0.135692,0.693965
2023.09.21-22.53.23,268.494232,-37.994286,132.497604,0.599424,0.375088,0.158628,0.689084
2023.09.21-22.53.23,268.494232,-37.994286,132.497604,0.606329,0.363821,0.171478,0.685999
2023.09.21-22.53.23,268.494232,-37.994286,132.497604,0.61569,0.347744,0.189465,0.681251
2023.09.21-22.53.23,268.494232,-37.994286,132.497604,0.625588,0.329605,0.209291,0.675424
2023.09.21-22.53.23,268.494232,-37.994286,132.497604,0.631609,0.317915,0.221814,0.671415
2023.09.21-22.53.23,268.494232,-37.994286,132.497604,0.641749,0.296915,0.243833,0.663736
2023.09.21-22.53.23,268.494232,-37.994286,132.497604,0.644074,0.291836,0.249069,0.661789
2023.09.21-22.53.23,268.494232,-37.994286,132.497604,0.650809,0.276491,0.264682,0.655701
2023.09.21-22.53.23,268.494232,-37.994286,132.497604,0.652171,0.273263,0.267927,0.654381
2023.09.21-22.53.23,268.494232,-37.994286,132.497604,0.655706,0.264668,0.276504,0.650804
2023.09.21-22.53.23,268.494232,-37.994286,132.497604,0.655148,0.266048,0.275134,0.651384
2023.09.21-22.53.23,268.494232,-37.994286,132.497604,0.656303,0.263186,0.277974,0.650177
2023.09.21-22.53.23,268.494232,-37.994286,132.497604,0.657038,0.261344,0.279797,0.649395
2023.09.21-22.53.23,268.494232,-37.994286,132.497604,0.657496,0.26019,0.280937,0.648902
2023.09.21-22.53.23,268.494232,-37.994286,132.497604,0.657541,0.260076,0.281049,0.648854
2023.09.21-22.53.23,268.494232,-37.994286,132.497604,0.657503,0.260173,0.280953,0.648895
2023.09.21-22.53.23,268.494232,-37.994286,132.497604,0.656918,0.261646,0.279498,0.649523
2023.09.21-22.53.23,268.494232,-37.994286,132.497604,0.656288,0.263223,0.277938,0.650193
2023.09.21-22.53.23,268.494232,-37.994286,132.497604,0.655397,0.265433,0.275745,0.651126
2023.09.21-22.53.23,268.494232,-37.994286,132.497604,0.65402,0.268808,0.272385,0.652538
2023.09.21-22.53.23,268.494232,-37.994286,132.497604,0.652433,0.272637,0.268556,0.654124
2023.09.21-22.53.23,268.494232,-37.994286,132.497604,0.651419,0.275052,0.26613,0.655114
2023.09.21-22.53.23,268.494232,-37.994286,132.497604,0.649458,0.279649,0.261493,0.656979
2023.09.21-22.53.24,268.494232,-37.994286,132.497604,0.647301,0.284608,0.256461,0.658959
2023.09.21-22.53.24,268.494232,-37.994286,132.497604,0.645159,0.289431,0.251536,0.660855
2023.09.21-22.53.24,268.494232,-37.994286,132.497604,0.642301,0.295718,0.24507,0.66328
2023.09.21-22.53.24,268.494232,-37.994286,132.497604,0.641411,0.297643,0.243079,0.664012
2023.09.21-22.53.24,268.494232,-37.994286,132.497604,0.638542,0.303749,0.236733,0.666301
2023.09.21-22.53.24,268.494232,-37.994286,132.497604,0.639719,0.301264,0.239322,0.665376
2023.09.21-22.53.24,268.494232,-37.994286,132.497604,0.64064,0.2993,0.241363,0.664638
2023.09.21-22.53.24,268.494232,-37.994286,132.497604,0.641897,0.296594,0.244165,0.663614
2023.09.21-22.53.24,268.494232,-37.994286,132.497604,0.642436,0.295424,0.245373,0.663168
2023.09.21-22.53.24,268.494232,-37.994286,132.497604,0.643575,0.292935,0.247938,0.662213
2023.09.21-22.53.24,268.494232,-37.994286,132.497604,0.644475,0.290949,0.249979,0.661446
2023.09.21-22.53.24,268.494232,-37.994286,132.497604,0.645528,0.288606,0.252381,0.660533
2023.09.21-22.53.24,268.494232,-37.994286,132.497604,0.646246,0.286994,0.254029,0.659901
2023.09.21-22.53.24,268.494232,-37.994286,132.497604,0.646554,0.286301,0.254736,0.659628
2023.09.21-22.53.24,268.494232,-37.994286,132.497604,0.646094,0.287337,0.253678,0.660036
2023.09.21-22.53.24,268.494232,-37.994286,132.497604,0.644595,0.290684,0.250252,0.661343
2023.09.21-22.53.24,268.494232,-37.994286,132.497604,0.642144,0.296059,0.244718,0.66341
2023.09.21-22.53.24,268.494232,-37.994286,132.497604,0.638563,0.303706,0.236779,0.666285
2023.09.21-22.53.24,268.494232,-37.994286,132.497604,0.634295,0.312522,0.227527,0.669501
2023.09.21-22.53.24,268.494232,-37.994286,132.497604,0.629,0.323047,0.21634,0.673199
2023.09.21-22.53.24,268.494232,-37.994286,132.497604,0.623252,0.334001,0.20453,0.67688
2023.09.21-22.53.24,268.494232,-37.994286,132.497604,0.617399,0.3447,0.192826,0.680307
2023.09.21-22.53.24,268.494232,-37.994286,132.497604,0.611073,0.355794,0.180509,0.683679
2023.09.21-22.53.24,268.494232,-37.994286,132.497604,0.604666,0.366577,0.168353,0.686773
2023.09.21-22.53.24,268.494232,-37.994286,132.497604,0.598201,0.377035,0.156387,0.689596
2023.09.21-22.53.24,268.494232,-37.994286,132.497604,0.590017,0.389718,0.141631,0.692777
2023.09.21-22.53.24,268.494232,-37.994286,132.497604,0.580576,0.403647,0.125106,0.695951
2023.09.21-22.53.24,268.494232,-37.994286,132.497604,0.571093,0.416956,0.10899,0.698657
2023.09.21-22.53.24,268.494232,-37.994286,132.497604,0.559874,0.431903,0.090488,0.701293
2023.09.21-22.53.24,268.494232,-37.994286,132.497604,0.547933,0.446956,0.0714,0.703493
2023.09.21-22.53.24,268.494232,-37.994286,132.497604,0.532321,0.46544,0.04729,0.705524
2023.09.21-22.53.24,268.494232,-37.994286,132.497604,0.514829,0.484717,0.021291,0.706786
2023.09.21-22.53.24,268.494232,-37.994286,132.497604,0.494302,0.505634,-0.008014,0.707061
2023.09.21-22.53.24,268.494232,-37.994286,132.497604,0.473228,0.52541,-0.0369,0.706143
2023.09.21-22.53.24,268.494232,-37.994286,132.497604,0.448823,0.546405,-0.069003,0.703732
2023.09.21-22.53.24,268.494232,-37.994286,132.497604,0.421314,0.567886,-0.103643,0.69947
2023.09.21-22.53.24,268.494232,-37.994286,132.497604,0.391568,0.588791,-0.139459,0.693218
2023.09.21-22.53.25,268.494232,-37.994286,132.497604,0.358098,0.609726,-0.17793,0.684354
2023.09.21-22.53.25,268.494232,-37.994286,132.497604,0.32603,0.627459,-0.213143,0.674218
2023.09.21-22.53.25,268.494232,-37.994286,132.497604,0.293835,0.643165,-0.247015,0.662558
2023.09.21-22.53.25,268.494232,-37.994286,132.497604,0.265237,0.655476,-0.275939,0.651044
2023.09.21-22.53.25,268.494232,-37.994286,132.497604,0.238811,0.665559,-0.301758,0.639486
2023.09.21-22.53.25,268.494232,-37.994286,132.497604,0.21784,0.672715,-0.321647,0.629717
2023.09.21-22.53.25,268.494232,-37.994286,132.497604,0.199672,0.67833,-0.338464,0.62084
2023.09.21-22.53.25,268.494232,-37.994286,132.497604,0.1837,0.682828,-0.352938,0.612727
2023.09.21-22.53.25,268.494232,-37.994286,132.497604,0.171906,0.685892,-0.363444,0.606554
2023.09.21-22.53.25,268.494232,-37.994286,132.497604,0.165495,0.687467,-0.369091,0.603135
2023.09.21-22.53.25,268.494232,-37.994286,132.497604,0.164551,0.687694,-0.369919,0.602628
2023.09.21-22.53.25,268.494232,-37.994286,132.497604,0.176207,0.6848,-0.359631,0.608823
2023.09.21-22.53.25,268.494232,-37.994286,132.497604,0.187686,0.681743,-0.349352,0.614779
2023.09.21-22.53.25,268.494232,-37.994286,132.497604,0.189072,0.68136,-0.348101,0.615488
2023.09.21-22.53.25,268.494232,-37.994286,132.497604,0.19199,0.680544,-0.345461,0.616974
2023.09.21-22.53.25,268.494232,-37.994286,132.497604,0.195626,0.679508,-0.342157,0.618812
2023.09.21-22.53.25,268.494232,-37.994286,132.497604,0.199469,0.678389,-0.338649,0.620739
2023.09.21-22.53.25,268.494232,-37.994286,132.497604,0.202418,0.677515,-0.335945,0.622206
2023.09.21-22.53.25,268.494232,-37.994286,132.497604,0.205204,0.676676,-0.333382,0.623583
2023.09.21-22.53.25,268.494232,-37.994286,132.497604,0.206831,0.676181,-0.331882,0.624383
2023.09.21-22.53.25,268.494232,-37.994286,132.497604,0.211831,0.674631,-0.327251,0.626823
2023.09.21-22.53.25,268.494232,-37.994286,132.497604,0.212235,0.674504,-0.326875,0.627019
2023.09.21-22.53.25,268.494232,-37.994286,132.497604,0.209836,0.675255,-0.329102,0.625853
2023.09.21-22.53.25,268.494232,-37.994286,132.497604,0.210569,0.675026,-0.328422,0.62621
2023.09.21-22.53.25,268.494232,-37.994286,132.497604,0.21991,0.672041,-0.319706,0.630705
