2023.09.20-21.36.37,288.177887,-55.422424,125.78447,0.724863,-0.300249,-0.237272,0.572823
2023.09.20-21.36.37,288.177887,-55.422424,125.78447,0.723173,-0.304296,-0.234066,0.574141
2023.09.20-21.36.37,288.177887,-55.422424,125.78447,0.721823,-0.307485,-0.231529,0.575168
2023.09.20-21.36.37,288.177887,-55.422424,125.78447,0.719722,-0.312371,-0.227626,0.576724
2023.09.20-21.36.37,288.177887,-55.422424,125.78447,0.717887,-0.316565,-0.224257,0.578043
2023.09.20-21.36.37,288.177887,-55.422424,125.78447,0.717887,-0.316565,-0.224257,0.578043
2023.09.20-21.36.37,288.177887,-55.422424,125.78447,0.717887,-0.316565,-0.224257,0.578043
2023.09.20-21.36.37,288.177887,-55.422424,125.78447,0.717887,-0.316565,-0.224257,0.578043
2023.09.20-21.36.37,288.177887,-55.422424,125.78447,0.717887,-0.316565,-0.224257,0.578043
2023.09.20-21.36.37,288.177887,-55.422424,125.78447,0.717887,-0.316565,-0.224257,0.578043
2023.09.20-21.36.37,288.177887,-55.422424,125.78447,0.717887,-0.316565,-0.224257,0.578043
2023.09.20-21.36.37,288.177887,-55.422424,125.78447,0.717186,-0.31815,-0.222979,0.578536
2023.09.20-21.36.37,288.177887,-55.422424,125.78447,0.717186,-0.31815,-0.222979,0.578536
2023.09.20-21.36.37,288.177887,-55.422424,125.78447,0.717186,-0.31815,-0.222979,0.578536
2023.09.20-21.36.37,288.177887,-55.422424,125.78447,0.717186,-0.31815,-0.222979,0.578536
2023.09.20-21.36.37,288.177887,-55.422424,125.78447,0.717186,-0.31815,-0.222979,0.578536
2023.09.20-21.36.37,288.177887,-55.422424,125.78447,0.717186,-0.31815,-0.222979,0.578536
2023.09.20-21.36.37,288.177887,-55.422424,125.78447,0.717186,-0.31815,-0.222979,0.578536
2023.09.20-21.36.37,288.177887,-55.422424,125.78447,0.717186,-0.31815,-0.222979,0.578536
2023.09.20-21.36.37,288.177887,-55.422424,125.78447,0.717186,-0.31815,-0.222979,0.578536
2023.09.20-21.36.37,288.177887,-55.422424,125.78447,0.717186,-0.31815,-0.222979,0.578536
2023.09.20-21.36.37,288.177887,-55.422424,125.78447,0.717186,-0.31815,-0.222979,0.578536
2023.09.20-21.36.37,288.177887,-55.422424,125.78447,0.717186,-0.31815,-0.222979,0.578536
2023.09.20-21.36.37,288.177887,-55.422424,125.78447,0.717186,-0.31815,-0.222979,0.578536
2023.09.20-21.36.37,288.177887,-55.422424,125.78447,0.717186,-0.31815,-0.222979,0.578536
2023.09.20-21.36.38,288.177887,-55.422424,125.78447,0.717172,-0.318182,-0.222954,0.578546
2023.09.20-21.36.38,288.177887,-55.422424,125.78447,0.717186,-0.318151,-0.222979,0.578537
2023.09.20-21.36.38,288.177887,-55.422424,125.78447,0.717205,-0.318108,-0.223013,0.578523
2023.09.20-21.36.38,288.177887,-55.422424,125.78447,0.717219,-0.318077,-0.223038,0.578514
2023.09.20-21.36.38,288.177887,-55.422424,125.78447,0.717357,-0.317765,-0.223289,0.578417
2023.09.20-21.36.38,288.177887,-55.422424,125.78447,0.717354,-0.317771,-0.223285,0.578419
2023.09.20-21.36.38,288.177887,-55.422424,125.78447,0.717678,-0.317039,-0.223875,0.578191
2023.09.20-21.36.38,288.177887,-55.422424,125.78447,0.718109,-0.316062,-0.224662,0.577885
2023.09.20-21.36.38,288.177887,-55.422424,125.78447,0.718699,-0.314719,-0.225742,0.577464
2023.09.20-21.36.38,288.177887,-55.422424,125.78447,0.722378,-0.306179,-0.23257,0.574748
2023.09.20-21.36.38,288.177887,-55.422424,125.78447,0.724707,-0.300624,-0.236975,0.572946
2023.09.20-21.36.38,288.177887,-55.422424,125.78447,0.729278,-0.28936,-0.245823,0.569206
2023.09.20-21.36.38,288.177887,-55.422424,125.78447,0.733983,-0.277208,-0.255243,0.565045
2023.09.20-21.36.38,288.177887,-55.422424,125.78447,0.739186,-0.263019,-0.266079,0.560023
2023.09.20-21.36.38,288.177887,-55.422424,125.78447,0.741589,-0.256167,-0.27125,0.557537
2023.09.20-21.36.38,288.177887,-55.422424,125.78447,0.747041,-0.239804,-0.28344,0.55144
2023.09.20-21.36.38,288.177887,-55.422424,125.78447,0.753319,-0.219286,-0.298415,0.543482
2023.09.20-21.36.38,288.177887,-55.422424,125.78447,0.759478,-0.196897,-0.314367,0.534414
2023.09.20-21.36.38,288.177887,-55.422424,125.78447,0.765598,-0.171567,-0.33194,0.523679
2023.09.20-21.36.38,288.177887,-55.422424,125.78447,0.771692,-0.141658,-0.352059,0.510372
2023.09.20-21.36.38,288.177887,-55.422424,125.78447,0.776987,-0.108938,-0.3733,0.495047
2023.09.20-21.36.38,288.177887,-55.422424,125.78447,0.780544,-0.079542,-0.391715,0.480608
2023.09.20-21.36.38,288.177887,-55.422424,125.78447,0.783915,-0.032444,-0.419917,0.456173
2023.09.20-21.36.38,288.177887,-55.422424,125.78447,0.784483,0.012734,-0.445479,0.431246
2023.09.20-21.36.38,288.177887,-55.422424,125.78447,0.781939,0.064393,-0.472924,0.400959
2023.09.20-21.36.38,288.177887,-55.422424,125.78447,0.783141,0.047596,-0.464209,0.411016
2023.09.20-21.36.38,288.177887,-55.422424,125.78447,0.778067,0.100935,-0.491179,0.378375
2023.09.20-21.36.38,288.177887,-55.422424,125.78447,0.769996,0.150604,-0.514425,0.34611
2023.09.20-21.36.38,288.177887,-55.422424,125.78447,0.759209,0.197931,-0.534842,0.313637
2023.09.20-21.36.38,288.177887,-55.422424,125.78447,0.746397,0.2418,-0.552196,0.281964
2023.09.20-21.36.38,288.177887,-55.422424,125.78447,0.73537,0.273508,-0.563753,0.258083
2023.09.20-21.36.38,288.177887,-55.422424,125.78447,-0.716665,-0.319322,0.578901,-0.222031
2023.09.20-21.36.38,288.177887,-55.422424,125.78447,-0.703942,-0.34647,0.586962,-0.199751
2023.09.20-21.36.38,288.177887,-55.422424,125.78447,-0.678003,-0.394825,0.599488,-0.158237
2023.09.20-21.36.38,288.177887,-55.422424,125.78447,-0.673559,-0.40236,0.601215,-0.151542
2023.09.20-21.36.38,288.177887,-55.422424,125.78447,-0.664554,-0.417065,0.6044,-0.138294
2023.09.20-21.36.38,288.177887,-55.422424,125.78447,-0.660633,-0.423249,0.605664,-0.132647
2023.09.20-21.36.38,288.177887,-55.422424,125.78447,-0.657118,-0.428685,0.606738,-0.127645
2023.09.20-21.36.38,288.177887,-55.422424,125.78447,-0.657705,-0.427785,0.606563,-0.128476
2023.09.20-21.36.38,288.177887,-55.422424,125.78447,-0.65642,-0.429754,0.606945,-0.126658
2023.09.20-21.36.38,288.177887,-55.422424,125.78447,-0.655927,-0.430506,0.60709,-0.125962
2023.09.20-21.36.38,288.177887,-55.422424,125.78447,-0.655933,-0.430496,0.607088,-0.125971
2023.09.20-21.36.38,288.177887,-55.422424,125.78447,-0.656224,-0.430054,0.607003,-0.126381
2023.09.20-21.36.38,288.177887,-55.422424,125.78447,-0.65663,-0.429433,0.606883,-0.126955
2023.09.20-21.36.38,288.177887,-55.422424,125.78447,-0.656743,-0.429261,0.60685,-0.127114
2023.09.20-21.36.38,288.177887,-55.422424,125.78447,-0.65645,-0.429707,0.606936,-0.126701
2023.09.20-21.36.38,288.177887,-55.422424,125.78447,-0.656271,-0.429981,0.606989,-0.126449
2023.09.20-21.36.38,288.177887,-55.422424,125.78447,-0.656252,-0.43001,0.606994,-0.126421
2023.09.20-21.36.38,288.177887,-55.422424,125.78447,-0.656645,-0.42941,0.606879,-0.126975
2023.09.20-21.36.39,288.177887,-55.422424,125.78447,-0.660161,-0.423985,0.605812,-0.131972
2023.09.20-21.36.39,288.177887,-55.422424,125.78447,-0.667574,-0.412214,0.603377,-0.142692
2023.09.20-21.36.39,288.177887,-55.422424,125.78447,-0.680051,-0.391288,0.598655,-0.161357
2023.09.20-21.36.39,288.177887,-55.422424,125.78447,-0.700989,-0.352407,0.588629,-0.194783
2023.09.20-21.36.39,288.177887,-55.422424,125.78447,0.72998,0.287584,-0.568607,0.247206
2023.09.20-21.36.39,288.177887,-55.422424,125.78447,0.753292,0.219378,-0.54352,0.298346
2023.09.20-21.36.39,288.177887,-55.422424,125.78447,0.769322,0.154009,-0.51595,0.343831
2023.09.20-21.36.39,288.177887,-55.422424,125.78447,0.777357,0.106259,-0.493758,0.375004
2023.09.20-21.36.39,288.177887,-55.422424,125.78447,0.781878,0.065127,-0.4733,0.400514
2023.09.20-21.36.39,288.177887,-55.422424,125.78447,0.784075,0.028315,-0.453957,0.422312
2023.09.20-21.36.39,288.177887,-55.422424,125.78447,0.784586,-0.000537,-0.438121,0.438719
2023.09.20-21.36.39,288.177887,-55.422424,125.78447,0.784141,-0.026416,-0.423412,0.452932
2023.09.20-21.36.39,288.177887,-55.422424,125.78447,0.783006,-0.049771,-0.409727,0.465348
2023.09.20-21.36.39,288.177887,-55.422424,125.78447,0.781707,-0.067159,-0.399284,0.474338
2023.09.20-21.36.39,288.177887,-55.422424,125.78447,0.780647,-0.078526,-0.39234,0.480098
2023.09.20-21.36.39,288.177887,-55.422424,125.78447,0.779707,-0.087361,-0.386878,0.48451
2023.09.20-21.36.39,288.177887,-55.422424,125.78447,0.778837,-0.094811,-0.382229,0.488186
2023.09.20-21.36.39,288.177887,-55.422424,125.78447,0.777966,-0.10171,-0.377887,0.491555
2023.09.20-21.36.39,288.177887,-55.422424,125.78447,0.777085,-0.108231,-0.373751,0.494706
2023.09.20-21.36.39,288.177887,-55.422424,125.78447,0.776327,-0.113544,-0.370358,0.497251
2023.09.20-21.36.39,288.177887,-55.422424,125.78447,0.77592,-0.116293,-0.368594,0.49856
2023.09.20-21.36.39,288.177887,-55.422424,125.78447,0.77576,-0.117353,-0.367913,0.499063
2023.09.20-21.36.39,288.177887,-55.422424,125.78447,0.77571,-0.117685,-0.367699,0.499221
2023.09.20-21.36.39,288.177887,-55.422424,125.78447,0.775695,-0.117785,-0.367635,0.499268
2023.09.20-21.36.39,288.177887,-55.422424,125.78447,0.775731,-0.117544,-0.36779,0.499154
2023.09.20-21.36.39,288.177887,-55.422424,125.78447,0.775729,-0.117558,-0.367781,0.499161
2023.09.20-21.36.39,288.177887,-55.422424,125.78447,0.7758,-0.117093,-0.36808,0.49894
2023.09.20-21.36.39,288.177887,-55.422424,125.78447,0.7759,-0.116428,-0.368508,0.498625
2023.09.20-21.36.39,288.177887,-55.422424,125.78447,0.776013,-0.115671,-0.368994,0.498265
2023.09.20-21.36.39,288.177887,-55.422424,125.78447,0.776154,-0.114719,-0.369605,0.497812
2023.09.20-21.36.39,288.177887,-55.422424,125.78447,0.776304,-0.113704,-0.370256,0.497328
2023.09.20-21.36.39,288.177887,-55.422424,125.78447,0.776488,-0.11244,-0.371065,0.496724
2023.09.20-21.36.39,288.177887,-55.422424,125.78447,0.776727,-0.110774,-0.37213,0.495927
2023.09.20-21.36.39,288.177887,-55.422424,125.78447,0.777038,-0.108569,-0.373536,0.494869
2023.09.20-21.36.39,288.177887,-55.422424,125.78447,0.777409,-0.105879,-0.375246,0.493573
2023.09.20-21.36.39,288.177887,-55.422424,125.78447,0.777767,-0.103219,-0.376932,0.492287
2023.09.20-21.36.39,288.177887,-55.422424,125.78447,0.778103,-0.100652,-0.378555,0.49104
2023.09.20-21.36.39,288.177887,-55.422424,125.78447,0.778343,-0.098785,-0.379732,0.490131
2023.09.20-21.36.39,288.177887,-55.422424,125.78447,0.778526,-0.097329,-0.380648,0.48942
2023.09.20-21.36.39,288.177887,-55.422424,125.78447,0.778593,-0.096794,-0.380984,0.489158
2023.09.20-21.36.39,288.177887,-55.422424,125.78447,0.778502,-0.097521,-0.380527,0.489514
2023.09.20-21.36.39,288.177887,-55.422424,125.78447,0.77832,-0.098962,-0.37962,0.490217
2023.09.20-21.36.39,288.177887,-55.422424,125.78447,0.77805,-0.101062,-0.378296,0.491239
2023.09.20-21.36.39,288.177887,-55.422424,125.78447,0.777275,-0.10686,-0.374623,0.494046
2023.09.20-21.36.39,288.177887,-55.422424,125.78447,0.776641,-0.111374,-0.371746,0.496215
2023.09.20-21.36.40,288.177887,-55.422424,125.78447,0.775299,-0.120365,-0.365972,0.500489
2023.09.20-21.36.40,288.177887,-55.422424,125.78447,0.773975,-0.128599,-0.360631,0.50435
2023.09.20-21.36.40,288.177887,-55.422424,125.78447,0.772453,-0.137448,-0.354836,0.508444
2023.09.20-21.36.40,288.177887,-55.422424,125.78447,0.772701,-0.136046,-0.355758,0.5078
2023.09.20-21.36.40,288.177887,-55.422424,125.78447,0.771146,-0.144602,-0.350108,0.511711
2023.09.20-21.36.40,288.177887,-55.422424,125.78447,0.769743,-0.151893,-0.34525,0.515001
2023.09.20-21.36.40,288.177887,-55.422424,125.78447,0.768498,-0.158069,-0.341103,0.517757
2023.09.20-21.36.40,288.177887,-55.422424,125.78447,0.767459,-0.16304,-0.337745,0.519954
2023.09.20-21.36.40,288.177887,-55.422424,125.78447,0.766305,-0.168381,-0.334116,0.522294
2023.09.20-21.36.40,288.177887,-55.422424,125.78447,0.764305,-0.177238,-0.328049,0.526126
2023.09.20-21.36.40,288.177887,-55.422424,125.78447,0.761199,-0.190136,-0.319107,0.531597
2023.09.20-21.36.40,288.177887,-55.422424,125.78447,0.75713,-0.205742,-0.308112,0.538044
2023.09.20-21.36.40,288.177887,-55.422424,125.78447,0.751708,-0.224745,-0.294464,0.545633
2023.09.20-21.36.40,288.177887,-55.422424,125.78447,0.74484,-0.246553,-0.278439,0.553982
2023.09.20-21.36.40,288.177887,-55.422424,125.78447,0.738334,-0.265404,-0.26427,0.560879
2023.09.20-21.36.40,288.177887,-55.422424,125.78447,0.731224,-0.284406,-0.249679,0.567525
2023.09.20-21.36.40,288.177887,-55.422424,125.78447,0.722175,-0.306658,-0.232189,0.574902
2023.09.20-21.36.40,288.177887,-55.422424,125.78447,0.722175,-0.306658,-0.232189,0.574902
2023.09.20-21.36.40,288.177887,-55.422424,125.78447,0.722175,-0.306658,-0.232189,0.574902
2023.09.20-21.36.40,288.177887,-55.422424,125.78447,0.722175,-0.306658,-0.232189,0.574902
2023.09.20-21.36.40,288.177887,-55.422424,125.78447,0.722175,-0.306658,-0.232189,0.574902
2023.09.20-21.36.40,288.177887,-55.422424,125.78447,0.722175,-0.306658,-0.232189,0.574902
2023.09.20-21.36.40,288.177887,-55.422424,125.78447,0.722175,-0.306658,-0.232189,0.574902
2023.09.20-21.36.40,288.177887,-55.422424,125.78447,0.722175,-0.306658,-0.232189,0.574902
2023.09.20-21.36.40,288.177887,-55.422424,125.78447,0.722175,-0.306658,-0.232189,0.574902
2023.09.20-21.36.40,288.177887,-55.422424,125.78447,0.71957,-0.312721,-0.227345,0.576835
2023.09.20-21.36.40,288.177887,-55.422424,125.78447,0.717591,-0.317237,-0.223715,0.578252
2023.09.20-21.36.40,288.177887,-55.422424,125.78447,0.717591,-0.317237,-0.223715,0.578252
2023.09.20-21.36.40,288.177887,-55.422424,125.78447,0.717591,-0.317237,-0.223715,0.578252
2023.09.29-13.58.33,287.050079,-56.550217,125.597603,0.653281,-0.270599,-0.270599,0.653281
2023.09.29-13.58.33,287.050079,-56.550217,125.597603,0.653767,-0.269422,-0.271774,0.652793
2023.09.29-13.58.33,287.050079,-56.550217,125.597603,0.654251,-0.268245,-0.272949,0.652303
2023.09.29-13.58.33,287.050079,-56.550217,125.597603,0.65303,-0.271205,-0.269992,0.653532
2023.09.29-13.58.33,287.050079,-56.550217,125.597603,0.649592,-0.279338,-0.26181,0.656852
2023.09.29-13.58.34,287.050079,-56.550217,125.597603,0.649592,-0.279338,-0.26181,0.656852
2023.09.29-13.58.34,287.050079,-56.550217,125.597603,0.649592,-0.279338,-0.26181,0.656852
2023.09.29-13.58.34,287.050079,-56.550217,125.597603,0.649592,-0.279338,-0.26181,0.656852
2023.09.29-13.58.34,287.050079,-56.550217,125.597603,0.649592,-0.279338,-0.26181,0.656852
2023.09.29-13.58.34,287.050079,-56.550217,125.597603,0.649592,-0.279338,-0.26181,0.656852
2023.09.29-13.58.34,287.050079,-56.550217,125.597603,0.649592,-0.279338,-0.26181,0.656852
2023.09.29-13.58.34,287.050079,-56.550217,125.597603,0.649592,-0.279338,-0.26181,0.656852
2023.09.29-13.58.34,287.050079,-56.550217,125.597603,0.649592,-0.279338,-0.26181,0.656852
2023.09.29-13.58.34,287.050079,-56.550217,125.597603,0.649592,-0.279338,-0.26181,0.656852
2023.09.29-13.58.34,287.050079,-56.550217,125.597603,0.649592,-0.279338,-0.26181,0.656852
2023.09.29-13.58.34,287.050079,-56.550217,125.597603,0.649592,-0.279338,-0.26181,0.656852
2023.09.29-13.58.34,287.050079,-56.550217,125.597603,0.649592,-0.279338,-0.26181,0.656852
2023.09.29-13.58.34,287.050079,-56.550217,125.597603,0.649592,-0.279338,-0.26181,0.656852
2023.09.29-13.58.34,287.050079,-56.550217,125.597603,0.649592,-0.279338,-0.26181,0.656852
2023.09.29-13.58.34,287.050079,-56.550217,125.597603,0.649592,-0.279338,-0.26181,0.656852
2023.09.29-13.58.34,287.050079,-56.550217,125.597603,0.649592,-0.279338,-0.26181,0.656852
2023.09.29-13.58.34,287.050079,-56.550217,125.597603,0.649592,-0.279338,-0.26181,0.656852
2023.09.29-13.58.34,287.050079,-56.550217,125.597603,0.649592,-0.279338,-0.26181,0.656852
2023.09.29-13.58.34,287.050079,-56.550217,125.597603,0.649592,-0.279338,-0.26181,0.656852
2023.09.29-13.58.34,287.050079,-56.550217,125.597603,0.649592,-0.279338,-0.26181,0.656852
2023.09.29-13.58.34,287.050079,-56.550217,125.597603,0.649592,-0.279338,-0.26181,0.656852
2023.09.29-13.58.34,287.050079,-56.550217,125.597603,0.649592,-0.279338,-0.26181,0.656852
2023.09.29-13.58.34,287.050079,-56.550217,125.597603,0.649592,-0.279338,-0.26181,0.656852
2023.09.29-13.58.34,287.050079,-56.550217,125.597603,0.649592,-0.279338,-0.26181,0.656852
2023.09.29-13.58.34,287.050079,-56.550217,125.597603,0.649592,-0.279338,-0.26181,0.656852
2023.09.29-13.58.34,287.050079,-56.550217,125.597603,0.649592,-0.279338,-0.26181,0.656852
2023.09.29-13.58.34,287.050079,-56.550217,125.597603,0.649592,-0.279338,-0.26181,0.656852
2023.09.29-13.58.34,287.050079,-56.550217,125.597603,0.649592,-0.279338,-0.26181,0.656852
2023.09.29-13.58.34,287.050079,-56.550217,125.597603,0.649592,-0.279338,-0.26181,0.656852
2023.09.29-13.58.34,287.050079,-56.550217,125.597603,0.649592,-0.279338,-0.26181,0.656852
2023.09.29-13.58.34,287.050079,-56.550217,125.597603,0.649592,-0.279338,-0.26181,0.656852
2023.09.29-13.58.34,287.050079,-56.550217,125.597603,0.647249,-0.284726,-0.256344,0.659005
2023.09.29-13.58.34,287.050079,-56.550217,125.597603,0.647761,-0.28356,-0.25753,0.658543
2023.09.29-13.58.34,287.050079,-56.550217,125.597603,0.64827,-0.282394,-0.258715,0.658078
2023.09.29-13.58.34,287.050079,-56.550217,125.597603,0.648777,-0.281226,-0.259899,0.657611
2023.09.29-13.58.34,287.050079,-56.550217,125.597603,0.649282,-0.280058,-0.261082,0.657142
2023.09.29-13.58.34,287.050079,-56.550217,125.597603,0.649785,-0.278889,-0.262265,0.656671
2023.09.29-13.58.34,287.050079,-56.550217,125.597603,0.650286,-0.277719,-0.263446,0.656198
2023.09.29-13.58.34,287.050079,-56.550217,125.597603,0.650785,-0.276548,-0.264627,0.655723
2023.09.29-13.58.34,287.050079,-56.550217,125.597603,0.651282,-0.275376,-0.265807,0.655245
2023.09.29-13.58.34,287.050079,-56.550217,125.597603,0.651776,-0.274203,-0.266986,0.654766
2023.09.29-13.58.34,287.050079,-56.550217,125.597603,0.652269,-0.27303,-0.268164,0.654284
2023.09.29-13.58.34,287.050079,-56.550217,125.597603,0.652759,-0.271855,-0.269341,0.653801
2023.09.29-13.58.34,287.050079,-56.550217,125.597603,0.653248,-0.27068,-0.270518,0.653315
2023.09.29-13.58.34,287.050079,-56.550217,125.597603,0.653734,-0.269503,-0.271693,0.652827
2023.09.29-13.58.34,287.050079,-56.550217,125.597603,0.654218,-0.268326,-0.272868,0.652337
2023.09.29-13.58.34,287.050079,-56.550217,125.597603,0.6547,-0.267148,-0.274041,0.651844
2023.09.29-13.58.34,287.050079,-56.550217,125.597603,0.65518,-0.265969,-0.275214,0.65135
2023.09.29-13.58.34,287.050079,-56.550217,125.597603,0.655657,-0.26479,-0.276387,0.650854
2023.09.29-13.58.34,287.050079,-56.550217,125.597603,0.656133,-0.263609,-0.277557,0.650355
2023.09.29-13.58.34,287.050079,-56.550217,125.597603,0.656606,-0.262427,-0.278728,0.649854
2023.09.29-13.58.34,287.050079,-56.550217,125.597603,0.657078,-0.261245,-0.279897,0.649352
2023.09.29-13.58.34,287.050079,-56.550217,125.597603,0.657547,-0.260062,-0.281065,0.648847
2023.09.29-13.58.34,287.050079,-56.550217,125.597603,0.658014,-0.258878,-0.282233,0.64834
2023.09.29-13.58.34,287.050079,-56.550217,125.597603,0.658479,-0.257693,-0.283399,0.647831
2023.09.29-13.58.34,287.050079,-56.550217,125.597603,0.658942,-0.256508,-0.284565,0.64732
2023.09.29-13.58.34,287.050079,-56.550217,125.597603,0.659402,-0.255321,-0.28573,0.646806
2023.09.29-13.58.34,287.050079,-56.550217,125.597603,0.659861,-0.254133,-0.286893,0.646291
2023.09.29-13.58.34,287.050079,-56.550217,125.597603,0.660317,-0.252945,-0.288056,0.645773
2023.09.29-13.58.34,287.050079,-56.550217,125.597603,0.660771,-0.251756,-0.289218,0.645254
2023.09.29-13.58.34,287.050079,-56.550217,125.597603,0.661223,-0.250566,-0.290379,0.644732
2023.09.29-13.58.34,287.050079,-56.550217,125.597603,0.661673,-0.249376,-0.291539,0.644209
2023.09.29-13.58.34,287.050079,-56.550217,125.597603,0.662121,-0.248185,-0.292699,0.643683
2023.09.29-13.58.34,287.050079,-56.550217,125.597603,0.662567,-0.246993,-0.293857,0.643155
2023.09.29-13.58.34,287.050079,-56.550217,125.597603,0.66301,-0.2458,-0.295014,0.642625
2023.09.29-13.58.34,287.050079,-56.550217,125.597603,0.663452,-0.244606,-0.29617,0.642093
2023.09.29-13.58.34,287.050079,-56.550217,125.597603,0.663891,-0.243411,-0.297325,0.641559
2023.09.29-13.58.34,287.050079,-56.550217,125.597603,0.664328,-0.242215,-0.29848,0.641023
2023.09.29-13.58.34,287.050079,-56.550217,125.597603,0.664763,-0.241019,-0.299633,0.640484
2023.09.29-13.58.34,287.050079,-56.550217,125.597603,0.665196,-0.239822,-0.300785,0.639944
2023.09.29-13.58.34,287.050079,-56.550217,125.597603,0.665626,-0.238624,-0.301937,0.639401
2023.09.29-13.58.34,287.050079,-56.550217,125.597603,0.666055,-0.237426,-0.303087,0.638857
2023.09.29-13.58.35,287.050079,-56.550217,125.597603,0.666481,-0.236227,-0.304237,0.63831
2023.09.29-13.58.35,287.050079,-56.550217,125.597603,0.666905,-0.235027,-0.305385,0.637762
2023.09.29-13.58.35,287.050079,-56.550217,125.597603,0.667327,-0.233826,-0.306533,0.637211
2023.09.29-13.58.35,287.050079,-56.550217,125.597603,0.667747,-0.232624,-0.307679,0.636658
2023.09.29-13.58.35,287.050079,-56.550217,125.597603,0.668164,-0.231422,-0.308825,0.636103
2023.09.29-13.58.35,287.050079,-56.550217,125.597603,0.66858,-0.230219,-0.309969,0.635546
2023.09.29-13.58.35,287.050079,-56.550217,125.597603,0.668993,-0.229015,-0.311113,0.634987
2023.09.29-13.58.35,287.050079,-56.550217,125.597603,0.669404,-0.227811,-0.312255,0.634426
2023.09.29-13.58.35,287.050079,-56.550217,125.597603,0.669813,-0.226606,-0.313397,0.633863
2023.09.29-13.58.35,287.050079,-56.550217,125.597603,0.67022,-0.225399,-0.314537,0.633298
2023.09.29-13.58.35,287.050079,-56.550217,125.597603,0.670625,-0.224193,-0.315676,0.632731
2023.09.29-13.58.35,287.050079,-56.550217,125.597603,0.671027,-0.222985,-0.316815,0.632162
2023.09.29-13.58.35,287.050079,-56.550217,125.597603,0.671221,-0.222401,-0.317364,0.631886
2023.09.29-13.58.35,287.050079,-56.550217,125.597603,0.671231,-0.222372,-0.317392,0.631872
2023.09.29-13.58.35,287.050079,-56.550217,125.597603,0.671185,-0.222511,-0.317261,0.631938
2023.09.29-13.58.35,287.050079,-56.550217,125.597603,0.670927,-0.223286,-0.316532,0.632303
2023.09.29-13.58.35,287.050079,-56.550217,125.597603,0.670433,-0.224766,-0.315135,0.633
2023.09.29-13.58.35,287.050079,-56.550217,125.597603,0.66975,-0.226793,-0.313219,0.633951
2023.09.29-13.58.35,287.050079,-56.550217,125.597603,0.668876,-0.229357,-0.310788,0.635146
2023.09.29-13.58.35,287.050079,-56.550217,125.597603,0.667842,-0.232352,-0.307938,0.636533
2023.09.29-13.58.35,287.050079,-56.550217,125.597603,0.66629,-0.236766,-0.30372,0.638556
2023.09.29-13.58.35,287.050079,-56.550217,125.597603,0.664658,-0.241309,-0.299354,0.640615
2023.09.29-13.58.35,287.050079,-56.550217,125.597603,0.662451,-0.247302,-0.293556,0.643292
2023.09.29-13.58.35,287.050079,-56.550217,125.597603,0.659951,-0.253899,-0.287123,0.646189
2023.09.29-13.58.35,287.050079,-56.550217,125.597603,0.656828,-0.261871,-0.279278,0.649618
2023.09.29-13.58.35,287.050079,-56.550217,125.597603,0.653157,-0.270899,-0.270298,0.653406
2023.09.29-13.58.35,287.050079,-56.550217,125.597603,0.648212,-0.282527,-0.258579,0.658131
2023.09.29-13.58.35,287.050079,-56.550217,125.597603,0.648212,-0.282527,-0.258579,0.658131
2023.09.29-13.58.35,287.050079,-56.550217,125.597603,0.648212,-0.282527,-0.258579,0.658131
2023.09.29-13.58.35,287.050079,-56.550217,125.597603,0.648212,-0.282527,-0.258579,0.658131
2023.09.29-13.58.35,287.050079,-56.550217,125.597603,0.648212,-0.282527,-0.258579,0.658131
2023.09.29-13.58.35,287.050079,-56.550217,125.597603,0.648212,-0.282527,-0.258579,0.658131
2023.09.29-13.58.35,287.050079,-56.550217,125.597603,0.648212,-0.282527,-0.258579,0.658131
2023.09.29-13.58.35,287.050079,-56.550217,125.597603,0.648212,-0.282527,-0.258579,0.658131
2023.09.29-13.58.35,287.050079,-56.550217,125.597603,0.648212,-0.282527,-0.258579,0.658131
2023.09.29-13.58.35,287.050079,-56.550217,125.597603,0.648212,-0.282527,-0.258579,0.658131
2023.09.29-13.58.35,287.050079,-56.550217,125.597603,0.648212,-0.282527,-0.258579,0.658131
2023.09.29-13.58.35,287.050079,-56.550217,125.597603,0.648212,-0.282527,-0.258579,0.658131
2023.09.29-13.58.35,287.050079,-56.550217,125.597603,0.648212,-0.282527,-0.258579,0.658131
2023.09.29-13.58.35,287.050079,-56.550217,125.597603,0.648212,-0.282527,-0.258579,0.658131
2023.09.29-13.58.35,287.050079,-56.550217,125.597603,0.648212,-0.282527,-0.258579,0.658131
2023.09.29-13.58.35,287.050079,-56.550217,125.597603,0.648212,-0.282527,-0.258579,0.658131
2023.09.29-13.58.35,287.050079,-56.550217,125.597603,0.648212,-0.282527,-0.258579,0.658131
2023.09.29-13.58.35,287.050079,-56.550217,125.597603,0.648212,-0.282527,-0.258579,0.658131
2023.09.29-13.58.35,287.050079,-56.550217,125.597603,0.648212,-0.282527,-0.258579,0.658131
2023.09.29-13.58.35,287.050079,-56.550217,125.597603,0.648212,-0.282527,-0.258579,0.658131
2023.09.29-13.58.35,287.050079,-56.550217,125.597603,0.648212,-0.282527,-0.258579,0.658131
2023.09.29-13.58.35,287.050079,-56.550217,125.597603,0.648212,-0.282527,-0.258579,0.658131
2023.09.29-13.58.35,287.050079,-56.550217,125.597603,0.648212,-0.282527,-0.258579,0.658131
2023.09.29-13.58.35,287.050079,-56.550217,125.597603,0.648212,-0.282527,-0.258579,0.658131
2023.09.29-13.58.35,287.050079,-56.550217,125.597603,0.648212,-0.282527,-0.258579,0.658131
2023.09.29-13.58.35,287.050079,-56.550217,125.597603,0.648212,-0.282527,-0.258579,0.658131
2023.09.29-13.58.35,287.050079,-56.550217,125.597603,0.648212,-0.282527,-0.258579,0.658131
2023.09.29-13.58.35,287.050079,-56.550217,125.597603,0.648212,-0.282527,-0.258579,0.658131
2023.09.29-13.58.35,287.050079,-56.550217,125.597603,0.648212,-0.282527,-0.258579,0.658131
2023.09.29-13.58.35,287.050079,-56.550217,125.597603,0.648212,-0.282527,-0.258579,0.658131
2023.09.29-13.58.35,287.050079,-56.550217,125.597603,0.648212,-0.282527,-0.258579,0.658131
2023.09.29-13.58.35,287.050079,-56.550217,125.597603,0.648212,-0.282527,-0.258579,0.658131
2023.09.29-13.58.35,287.050079,-56.550217,125.597603,0.648212,-0.282527,-0.258579,0.658131
2023.09.29-13.58.35,287.050079,-56.550217,125.597603,0.648212,-0.282527,-0.258579,0.658131
2023.09.29-13.58.35,287.050079,-56.550217,125.597603,0.648212,-0.282527,-0.258579,0.658131
2023.09.29-13.58.35,287.050079,-56.550217,125.597603,0.648212,-0.282527,-0.258579,0.658131
2023.10.25-15.56.51,287.050079,-56.550217,125.597603,0.653281,-0.270599,-0.270599,0.653281
2023.10.25-15.56.51,287.050079,-56.550217,125.597603,0.648743,-0.281306,-0.259819,0.657643
2023.10.25-15.56.51,287.050079,-56.550217,125.597603,0.648743,-0.281306,-0.259819,0.657643
2023.10.25-15.56.51,287.050079,-56.550217,125.597603,0.648743,-0.281306,-0.259819,0.657643
2023.10.25-15.56.51,287.050079,-56.550217,125.597603,0.648743,-0.281306,-0.259819,0.657643
2023.10.25-15.56.51,287.050079,-56.550217,125.597603,0.646416,-0.286611,-0.254422,0.65975
2023.10.25-15.56.51,287.050079,-56.550217,125.597603,0.646416,-0.286611,-0.254422,0.65975
2023.10.25-15.56.51,287.050079,-56.550217,125.597603,0.646416,-0.286611,-0.254422,0.65975
2023.10.25-15.56.51,287.050079,-56.550217,125.597603,0.646416,-0.286611,-0.254422,0.65975
2023.10.25-15.56.51,287.050079,-56.550217,125.597603,0.646416,-0.286611,-0.254422,0.65975
2023.10.25-15.56.51,287.050079,-56.550217,125.597603,0.646416,-0.286611,-0.254422,0.65975
2023.10.25-15.56.51,287.050079,-56.550217,125.597603,0.646416,-0.286611,-0.254422,0.65975
2023.10.25-15.56.51,287.050079,-56.550217,125.597603,0.646416,-0.286611,-0.254422,0.65975
2023.10.25-15.56.51,287.050079,-56.550217,125.597603,0.646416,-0.286611,-0.254422,0.65975
2023.10.25-15.56.51,287.050079,-56.550217,125.597603,0.646416,-0.286611,-0.254422,0.65975
2023.10.25-15.56.52,287.050079,-56.550217,125.597603,0.646416,-0.286611,-0.254422,0.65975
2023.10.25-15.56.52,287.050079,-56.550217,125.597603,0.646416,-0.286611,-0.254422,0.65975
2023.10.25-15.56.52,287.050079,-56.550217,125.597603,0.648131,-0.282712,-0.258392,0.658205
2023.10.25-15.56.52,287.050079,-56.550217,125.597603,0.647732,-0.283626,-0.257463,0.658569
2023.10.25-15.56.52,287.050079,-56.550217,125.597603,0.648907,-0.280925,-0.260204,0.657491
2023.10.25-15.56.52,287.050079,-56.550217,125.597603,0.652182,-0.273237,-0.267956,0.654369
2023.10.25-15.56.52,287.050079,-56.550217,125.597603,0.657167,-0.261021,-0.280119,0.649256
2023.10.25-15.56.52,287.050079,-56.550217,125.597603,0.664088,-0.242872,-0.297846,0.641317
2023.10.25-15.56.52,287.050079,-56.550217,125.597603,0.67311,-0.216616,-0.322792,0.629131
2023.10.25-15.56.52,287.050079,-56.550217,125.597603,0.680721,-0.19136,-0.346032,0.616654
2023.10.25-15.56.52,287.050079,-56.550217,125.597603,0.688195,-0.162443,-0.371763,0.601491
2023.10.25-15.56.52,287.050079,-56.550217,125.597603,0.694559,-0.132616,-0.397355,0.584901
2023.10.25-15.56.52,287.050079,-56.550217,125.597603,0.699522,-0.103291,-0.4216,0.567673
2023.10.25-15.56.52,287.050079,-56.550217,125.597603,0.703424,-0.072077,-0.446431,0.548361
2023.10.25-15.56.52,287.050079,-56.550217,125.597603,0.706087,-0.037959,-0.472439,0.526119
2023.10.25-15.56.52,287.050079,-56.550217,125.597603,0.707092,-0.00452,-0.496794,0.503185
2023.10.25-15.56.52,287.050079,-56.550217,125.597603,0.70649,0.029522,-0.52044,0.478688
2023.10.25-15.56.52,287.050079,-56.550217,125.597603,0.703713,0.069195,-0.546529,0.448671
2023.10.25-15.56.52,287.050079,-56.550217,125.597603,0.698234,0.111667,-0.572687,0.414764
2023.10.25-15.56.52,287.050079,-56.550217,125.597603,0.689973,0.154715,-0.597286,0.378484
2023.10.25-15.56.52,287.050079,-56.550217,125.597603,0.680313,0.192806,-0.617389,0.344718
2023.10.25-15.56.52,287.050079,-56.550217,125.597603,0.671187,0.222504,-0.631935,0.317266
2023.10.25-15.56.52,287.050079,-56.550217,125.597603,0.662468,0.247257,-0.643273,0.293599
2023.10.25-15.56.52,287.050079,-56.550217,125.597603,0.655092,0.266185,-0.651442,0.274996
2023.10.25-15.56.52,287.050079,-56.550217,125.597603,-0.649721,-0.279038,0.656732,-0.262112
2023.10.25-15.56.52,287.050079,-56.550217,125.597603,-0.645738,-0.288137,0.66035,-0.25286
2023.10.25-15.56.52,287.050079,-56.550217,125.597603,-0.644335,-0.291259,0.661566,-0.249661
2023.10.25-15.56.52,287.050079,-56.550217,125.597603,-0.646194,-0.287112,0.659948,-0.253907
2023.10.25-15.56.52,287.050079,-56.550217,125.597603,-0.650933,-0.2762,0.655585,-0.264967
2023.10.25-15.56.52,287.050079,-56.550217,125.597603,-0.652233,-0.273114,0.654323,-0.268071
2023.10.25-15.56.52,287.050079,-56.550217,125.597603,0.658979,0.256411,-0.647279,0.284658
2023.10.25-15.56.52,287.050079,-56.550217,125.597603,0.667762,0.232582,-0.63664,0.307717
2023.10.25-15.56.52,287.050079,-56.550217,125.597603,0.674432,0.212465,-0.627131,0.32666
2023.10.25-15.56.52,287.050079,-56.550217,125.597603,0.687194,0.166626,-0.603742,0.368097
2023.10.25-15.56.52,287.050079,-56.550217,125.597603,0.696138,0.124064,-0.579971,0.404517
2023.10.25-15.56.52,287.050079,-56.550217,125.597603,0.703015,0.075961,-0.55082,0.443393
2023.10.25-15.56.52,287.050079,-56.550217,125.597603,0.706487,0.029592,-0.520487,0.478636
2023.10.25-15.56.53,287.050079,-56.550217,125.597603,0.707015,-0.011382,-0.491888,0.507982
2023.10.25-15.56.53,287.050079,-56.550217,125.597603,0.704999,-0.054559,-0.459931,0.537088
2023.10.25-15.56.53,287.050079,-56.550217,125.597603,0.700881,-0.093625,-0.429396,0.5618
2023.10.25-15.56.53,287.050079,-56.550217,125.597603,0.695323,-0.128554,-0.400767,0.582568
2023.10.25-15.56.53,287.050079,-56.550217,125.597603,0.688976,-0.159098,-0.374681,0.599678
2023.10.25-15.56.53,287.050079,-56.550217,125.597603,0.682166,-0.186144,-0.350741,0.613987
2023.10.25-15.56.53,287.050079,-56.550217,125.597603,0.674904,-0.210962,-0.328058,0.626401
2023.10.25-15.56.53,287.050079,-56.550217,125.597603,0.667939,-0.232073,-0.308205,0.636404
2023.10.25-15.56.53,287.050079,-56.550217,125.597603,0.661737,-0.249207,-0.291704,0.644134
2023.10.25-15.56.53,287.050079,-56.550217,125.597603,0.655817,-0.264393,-0.276779,0.650687
2023.10.25-15.56.53,287.050079,-56.550217,125.597603,0.649511,-0.279528,-0.261619,0.656929
2023.10.25-15.56.53,287.050079,-56.550217,125.597603,0.649511,-0.279528,-0.261619,0.656929
2023.10.25-15.56.53,287.050079,-56.550217,125.597603,0.649511,-0.279528,-0.261619,0.656929
2023.10.25-15.56.53,287.050079,-56.550217,125.597603,0.649511,-0.279528,-0.261619,0.656929
2023.10.25-15.56.53,287.050079,-56.550217,125.597603,0.649511,-0.279528,-0.261619,0.656929
2023.10.25-15.56.53,287.050079,-56.550217,125.597603,0.649511,-0.279528,-0.261619,0.656929
2023.10.25-15.56.53,287.050079,-56.550217,125.597603,0.649511,-0.279528,-0.261619,0.656929
2023.10.25-15.56.53,287.050079,-56.550217,125.597603,0.649511,-0.279528,-0.261619,0.656929
2023.10.25-15.56.53,287.050079,-56.550217,125.597603,0.649511,-0.279528,-0.261619,0.656929
2023.10.25-15.56.53,287.050079,-56.550217,125.597603,0.647044,-0.285191,-0.25587,0.659189
2023.10.25-15.56.53,287.050079,-56.550217,125.597603,0.647044,-0.285191,-0.25587,0.659189
2023.10.25-15.56.53,287.050079,-56.550217,125.597603,0.646503,-0.286415,-0.254622,0.659672
2023.10.25-15.56.53,287.050079,-56.550217,125.597603,0.646503,-0.286415,-0.254622,0.659672
