2023.10.25-15.54.32,-207.000137,-373.5,20.000011,-0.0,-0.0,0.707108,0.707106
2023.10.25-15.54.32,-207.000137,-373.483276,20.000011,-0.0,-0.0,0.707108,0.707106
2023.10.25-15.54.32,-207.000137,-373.435242,20.000011,-0.0,-0.0,0.707108,0.707106
2023.10.25-15.54.32,-207.000137,-373.387451,20.000011,-0.0,-0.0,0.707108,0.707106
2023.10.25-15.54.32,-207.000137,-373.335022,20.000011,-0.0,-0.0,0.707108,0.707106
2023.10.25-15.54.32,-207.000137,-373.261353,20.000011,-0.0,-0.0,0.707108,0.707106
2023.10.25-15.54.32,-207.000137,-373.035797,20.000011,-0.0,-0.0,0.707108,0.707106
2023.10.25-15.54.32,-207.000137,-372.891144,20.000011,-0.0,-0.0,0.707108,0.707106
2023.10.25-15.54.32,-207.000137,-372.684113,20.000011,-0.0,-0.0,0.707108,0.707106
2023.10.25-15.54.32,-207.000137,-372.540009,20.000011,-0.0,-0.0,0.707108,0.707106
2023.10.25-15.54.32,-207.000137,-372.078552,20.000011,-0.0,-0.0,0.707108,0.707106
2023.10.25-15.54.32,-207.000137,-371.683258,20.000013,-0.0,-0.0,0.707108,0.707106
2023.10.25-15.54.32,-207.000137,-371.163269,20.000013,-0.0,-0.0,0.707108,0.707106
2023.10.25-15.54.32,-207.000137,-370.703247,20.000013,-0.0,-0.0,0.707108,0.707106
2023.10.25-15.54.32,-207.000153,-370.19397,20.000013,-0.0,-0.0,0.707108,0.707106
2023.10.25-15.54.32,-207.000153,-369.63916,20.000013,-0.0,-0.0,0.707108,0.707106
2023.10.25-15.54.32,-207.000153,-369.019775,20.000013,-0.0,-0.0,0.707108,0.707106
2023.10.25-15.54.32,-207.000153,-368.405945,20.000013,-0.0,-0.0,0.707108,0.707106
2023.10.25-15.54.32,-207.000153,-367.71405,20.000013,-0.0,-0.0,0.707108,0.707106
2023.10.25-15.54.32,-207.000153,-367.030029,20.000013,-0.0,-0.0,0.707108,0.707106
2023.10.25-15.54.32,-207.000168,-366.360718,20.000013,-0.0,-0.0,0.707108,0.707106
2023.10.25-15.54.32,-207.000168,-365.722443,20.000015,-0.0,-0.0,0.707108,0.707106
2023.10.25-15.54.32,-207.000168,-365.102234,20.000015,-0.0,-0.0,0.707108,0.707106
2023.10.25-15.54.32,-207.000168,-364.504791,20.000015,-0.0,-0.0,0.707108,0.707106
2023.10.25-15.54.32,-207.000168,-363.987793,20.000015,-0.0,-0.0,0.707108,0.707106
2023.10.25-15.54.32,-207.000168,-363.56015,20.000015,-0.0,-0.0,0.707108,0.707106
2023.10.25-15.54.33,-207.000168,-363.104034,20.000015,-0.0,-0.0,0.707108,0.707106
2023.10.25-15.54.33,-207.000168,-362.587433,20.000015,-0.0,-0.0,0.707108,0.707106
2023.10.25-15.54.33,-207.000183,-362.009857,20.000015,-0.0,-0.0,0.707108,0.707106
2023.10.25-15.54.33,-207.000183,-361.398041,20.000015,-0.0,-0.0,0.707108,0.707106
2023.10.25-15.54.33,-207.000183,-360.821045,20.000015,-0.0,-0.0,0.707108,0.707106
2023.10.25-15.54.33,-207.000183,-360.296234,20.000017,-0.0,-0.0,0.707108,0.707106
2023.10.25-15.54.33,-207.000183,-359.842438,20.000017,-0.0,-0.0,0.707108,0.707106
2023.10.25-15.54.33,-207.000183,-359.392609,20.000017,-0.0,-0.0,0.707108,0.707106
2023.10.25-15.54.33,-207.000183,-359.034607,20.000017,-0.0,-0.0,0.707108,0.707106
2023.10.25-15.54.33,-207.000183,-358.759888,20.000017,-0.0,-0.0,0.707108,0.707106
2023.10.25-15.54.33,-207.000183,-358.540802,20.000017,-0.0,-0.0,0.707108,0.707106
2023.10.25-15.54.33,-207.000183,-358.360687,20.000017,-0.0,-0.0,0.707108,0.707106
2023.10.25-15.54.33,-207.000183,-358.159088,20.000017,-0.0,-0.0,0.707108,0.707106
2023.10.25-15.54.33,-207.000198,-357.933441,20.000017,-0.0,-0.0,0.707108,0.707106
2023.10.25-15.54.33,-207.000198,-357.63266,20.000017,-0.0,-0.0,0.707108,0.707106
2023.10.25-15.54.33,-207.000198,-357.277679,20.000017,-0.0,-0.0,0.707108,0.707106
2023.10.25-15.54.33,-207.000198,-356.806732,20.000017,-0.0,-0.0,0.707108,0.707106
2023.10.25-15.54.33,-207.000198,-356.362122,20.000017,-0.0,-0.0,0.707108,0.707106
2023.10.25-15.54.33,-207.000198,-355.982117,20.000017,-0.0,-0.0,0.707108,0.707106
2023.10.25-15.54.33,-207.000198,-355.637482,20.000017,-0.0,-0.0,0.707108,0.707106
2023.10.25-15.54.33,-207.000198,-355.371216,20.000017,-0.0,-0.0,0.707108,0.707106
2023.10.25-15.54.33,-207.000198,-355.261078,20.000017,-0.0,-0.0,0.707108,0.707106
2023.10.25-15.54.33,-207.000198,-355.223999,20.000017,-0.0,-0.0,0.707108,0.707106
2023.10.25-15.54.33,-207.000198,-355.320892,20.000017,-0.0,-0.0,0.707108,0.707106
2023.10.25-15.54.33,-207.000198,-355.524689,20.000017,-0.0,-0.0,0.707108,0.707106
2023.10.25-15.54.33,-207.000198,-355.778381,20.000017,-0.0,-0.0,0.707108,0.707106
2023.10.25-15.54.33,-207.000198,-356.137756,20.000017,-0.0,-0.0,0.707108,0.707106
2023.10.25-15.54.33,-207.000198,-356.509064,20.000017,-0.0,-0.0,0.707108,0.707106
2023.10.25-15.54.33,-207.000198,-356.972351,20.000017,-0.0,-0.0,0.707108,0.707106
2023.10.25-15.54.33,-207.000198,-357.613464,20.000017,-0.0,-0.0,0.707108,0.707106
2023.10.25-15.54.33,-207.000183,-358.420807,20.000017,-0.0,-0.0,0.707108,0.707106
2023.10.25-15.54.33,-207.000183,-359.179779,20.000017,-0.0,-0.0,0.707108,0.707106
2023.10.25-15.54.33,-207.000183,-360.006317,20.000017,-0.0,-0.0,0.707108,0.707106
2023.10.25-15.54.33,-207.000183,-360.896088,20.000015,-0.0,-0.0,0.707108,0.707106
2023.10.25-15.54.33,-207.000183,-361.398132,20.000015,-0.0,-0.0,0.707108,0.707106
2023.10.25-15.54.33,-207.000168,-362.236633,20.000015,-0.0,-0.0,0.707108,0.707106
2023.10.25-15.54.33,-207.000168,-363.101746,20.000015,-0.0,-0.0,0.707108,0.707106
2023.10.25-15.54.33,-207.000168,-364.054779,20.000015,-0.0,-0.0,0.707108,0.707106
2023.10.25-15.54.34,-207.000168,-364.894012,20.000015,-0.0,-0.0,0.707108,0.707106
2023.10.25-15.54.34,-207.000168,-365.697449,20.000015,-0.0,-0.0,0.707108,0.707106
2023.10.25-15.54.34,-207.000153,-366.614471,20.000013,-0.0,-0.0,0.707108,0.707106
2023.10.25-15.54.34,-207.000153,-367.26593,20.000013,-0.0,-0.0,0.707108,0.707106
2023.10.25-15.54.34,-207.000153,-368.126129,20.000013,-0.0,-0.0,0.707108,0.707106
2023.10.25-15.54.34,-207.000153,-368.777985,20.000013,-0.0,-0.0,0.707108,0.707106
2023.10.25-15.54.34,-207.000153,-369.583069,20.000013,-0.0,-0.0,0.707108,0.707106
2023.10.25-15.54.34,-207.000137,-370.663849,20.000013,-0.0,-0.0,0.707108,0.707106
2023.10.25-15.54.34,-207.000137,-371.121857,20.000013,-0.0,-0.0,0.707108,0.707106
2023.10.25-15.54.34,-207.000137,-372.061493,20.000013,-0.0,-0.0,0.707108,0.707106
2023.10.25-15.54.34,-207.000137,-372.421051,20.000011,-0.0,-0.0,0.707108,0.707106
2023.10.25-15.54.34,-207.000137,-372.806488,20.000011,-0.0,-0.0,0.707108,0.707106
2023.10.25-15.54.34,-207.000137,-373.119995,20.000011,-0.0,-0.0,0.707108,0.707106
2023.10.25-15.54.34,-207.000137,-373.403229,20.000011,-0.0,-0.0,0.707108,0.707106
2023.10.25-15.54.34,-207.000137,-373.403229,20.000011,-0.0,-0.0,0.707108,0.707106
2023.10.25-15.54.34,-207.000137,-373.403229,20.000011,-0.0,-0.0,0.707108,0.707106
2023.10.25-15.54.34,-207.000137,-373.403229,20.000011,-0.0,-0.0,0.707108,0.707106
2023.10.25-15.54.34,-207.000137,-373.403229,20.000011,-0.0,-0.0,0.707108,0.707106
2023.10.25-15.54.34,-207.000137,-373.483276,20.000011,-0.0,-0.0,0.707108,0.707106
2023.10.25-15.54.34,-207.000137,-373.483276,20.000011,-0.0,-0.0,0.707108,0.707106
2023.10.25-15.54.34,-207.000137,-373.459625,20.000011,-0.0,-0.0,0.707108,0.707106
2023.10.25-15.54.34,-207.000137,-373.352112,20.000011,-0.0,-0.0,0.707108,0.707106
2023.10.25-15.54.34,-207.000137,-373.184113,20.000011,-0.0,-0.0,0.707108,0.707106
2023.10.25-15.54.34,-207.000137,-372.831268,20.000011,-0.0,-0.0,0.707108,0.707106
2023.10.25-15.54.34,-207.000137,-372.469147,20.000011,-0.0,-0.0,0.707108,0.707106
2023.10.25-15.54.34,-207.000137,-371.971649,20.000013,-0.0,-0.0,0.707108,0.707106
2023.10.25-15.54.34,-207.000137,-371.417267,20.000013,-0.0,-0.0,0.707108,0.707106
2023.10.25-15.54.34,-207.000137,-370.805725,20.000013,-0.0,-0.0,0.707108,0.707106
2023.10.25-15.54.34,-207.000153,-370.074615,20.000013,-0.0,-0.0,0.707108,0.707106
2023.10.25-15.54.34,-207.000153,-369.329315,20.000013,-0.0,-0.0,0.707108,0.707106
2023.10.25-15.54.34,-207.000153,-368.489197,20.000013,-0.0,-0.0,0.707108,0.707106
2023.10.25-15.54.34,-207.000153,-367.638977,20.000013,-0.0,-0.0,0.707108,0.707106
2023.10.25-15.54.34,-207.000153,-366.740326,20.000013,-0.0,-0.0,0.707108,0.707106
2023.10.25-15.54.34,-207.000168,-365.863617,20.000015,-0.0,-0.0,0.707108,0.707106
2023.10.25-15.54.34,-207.000168,-364.968018,20.000015,-0.0,-0.0,0.707108,0.707106
2023.10.25-15.54.34,-207.000168,-364.08667,20.000015,-0.0,-0.0,0.707108,0.707106
2023.10.25-15.54.34,-207.000168,-363.255554,20.000015,-0.0,-0.0,0.707108,0.707106
2023.10.25-15.54.35,-207.000168,-362.437714,20.000015,-0.0,-0.0,0.707108,0.707106
2023.10.25-15.54.35,-207.000183,-361.694824,20.000015,-0.0,-0.0,0.707108,0.707106
2023.10.25-15.54.35,-207.000183,-360.972656,20.000015,-0.0,-0.0,0.707108,0.707106
2023.10.25-15.54.35,-207.000183,-360.307739,20.000017,-0.0,-0.0,0.707108,0.707106
2023.10.25-15.54.35,-207.000183,-359.680023,20.000017,-0.0,-0.0,0.707108,0.707106
2023.10.25-15.54.35,-207.000183,-359.112732,20.000017,-0.0,-0.0,0.707108,0.707106
2023.10.25-15.54.35,-207.000183,-358.595764,20.000017,-0.0,-0.0,0.707108,0.707106
2023.10.25-15.54.35,-207.000183,-358.191376,20.000017,-0.0,-0.0,0.707108,0.707106
2023.10.25-15.54.35,-207.000198,-357.792023,20.000017,-0.0,-0.0,0.707108,0.707106
2023.10.25-15.54.35,-207.000198,-357.422852,20.000017,-0.0,-0.0,0.707108,0.707106
2023.10.25-15.54.35,-207.000198,-357.084229,20.000017,-0.0,-0.0,0.707108,0.707106
2023.10.25-15.54.35,-207.000198,-356.758453,20.000017,-0.0,-0.0,0.707108,0.707106
2023.10.25-15.54.35,-207.000198,-356.527954,20.000017,-0.0,-0.0,0.707108,0.707106
2023.10.25-15.54.35,-207.000198,-356.381165,20.000017,-0.0,-0.0,0.707108,0.707106
2023.10.25-15.54.35,-207.000198,-356.428772,20.000017,-0.0,-0.0,0.707108,0.707106
2023.10.25-15.54.35,-207.000198,-356.53067,20.000017,-0.0,-0.0,0.707108,0.707106
2023.10.25-15.54.35,-207.000198,-356.701233,20.000017,-0.0,-0.0,0.707108,0.707106
2023.10.25-15.54.35,-207.000198,-356.954987,20.000017,-0.0,-0.0,0.707108,0.707106
2023.10.25-15.54.35,-207.000198,-357.22699,20.000017,-0.0,-0.0,0.707108,0.707106
2023.10.25-15.54.35,-207.000198,-357.579254,20.000017,-0.0,-0.0,0.707108,0.707106
2023.10.25-15.54.35,-207.000198,-357.968781,20.000017,-0.0,-0.0,0.707108,0.707106
2023.10.25-15.54.35,-207.000183,-358.396149,20.000017,-0.0,-0.0,0.707108,0.707106
2023.10.25-15.54.35,-207.000183,-358.900055,20.000017,-0.0,-0.0,0.707108,0.707106
2023.10.25-15.54.35,-207.000183,-359.575195,20.000017,-0.0,-0.0,0.707108,0.707106
2023.10.25-15.54.35,-207.000183,-360.27536,20.000017,-0.0,-0.0,0.707108,0.707106
2023.10.25-15.54.35,-207.000183,-361.004791,20.000015,-0.0,-0.0,0.707108,0.707106
2023.10.25-15.54.35,-207.000183,-361.857361,20.000015,-0.0,-0.0,0.707108,0.707106
2023.10.25-15.54.35,-207.000168,-362.694244,20.000015,-0.0,-0.0,0.707108,0.707106
2023.10.25-15.54.35,-207.000168,-363.506592,20.000015,-0.0,-0.0,0.707108,0.707106
2023.10.25-15.54.35,-207.000168,-364.339203,20.000015,-0.0,-0.0,0.707108,0.707106
2023.10.25-15.54.35,-207.000168,-365.212769,20.000015,-0.0,-0.0,0.707108,0.707106
2023.10.25-15.54.35,-207.000168,-366.107239,20.000015,-0.0,-0.0,0.707108,0.707106
2023.10.25-15.54.35,-207.000153,-366.884796,20.000013,-0.0,-0.0,0.707108,0.707106
2023.10.25-15.54.35,-207.000153,-367.602631,20.000013,-0.0,-0.0,0.707108,0.707106
2023.10.25-15.54.35,-207.000153,-368.294769,20.000013,-0.0,-0.0,0.707108,0.707106
2023.10.25-15.54.35,-207.000153,-368.949432,20.000013,-0.0,-0.0,0.707108,0.707106
2023.10.25-15.54.36,-207.000153,-369.567352,20.000013,-0.0,-0.0,0.707108,0.707106
2023.10.25-15.54.36,-207.000153,-370.172974,20.000013,-0.0,-0.0,0.707108,0.707106
2023.10.25-15.54.36,-207.000137,-370.720154,20.000013,-0.0,-0.0,0.707108,0.707106
2023.10.25-15.54.36,-207.000137,-371.237854,20.000013,-0.0,-0.0,0.707108,0.707106
2023.10.25-15.54.36,-207.000137,-371.650513,20.000013,-0.0,-0.0,0.707108,0.707106
2023.10.25-15.54.36,-207.000137,-371.994202,20.000013,-0.0,-0.0,0.707108,0.707106
2023.10.25-15.54.36,-207.000137,-372.29245,20.000011,-0.0,-0.0,0.707108,0.707106
2023.10.25-15.54.36,-207.000137,-372.55246,20.000011,-0.0,-0.0,0.707108,0.707106
2023.10.25-15.54.36,-207.000137,-372.775757,20.000011,-0.0,-0.0,0.707108,0.707106
2023.10.25-15.54.36,-207.000137,-372.963837,20.000011,-0.0,-0.0,0.707108,0.707106
2023.10.25-15.54.36,-207.000137,-373.1362,20.000011,-0.0,-0.0,0.707108,0.707106
2023.10.25-15.54.36,-207.000137,-373.273468,20.000011,-0.0,-0.0,0.707108,0.707106
2023.10.25-15.54.36,-207.000137,-373.389069,20.000011,-0.0,-0.0,0.707108,0.707106
2023.10.25-15.54.36,-207.000137,-373.389069,20.000011,-0.0,-0.0,0.707108,0.707106
2023.10.25-15.54.36,-207.000137,-373.389069,20.000011,-0.0,-0.0,0.707108,0.707106
2023.10.25-15.54.36,-207.000137,-373.493225,20.000011,-0.0,-0.0,0.707108,0.707106
2023.10.25-15.54.36,-207.000137,-373.493225,20.000011,-0.0,-0.0,0.707108,0.707106
2023.10.25-15.54.36,-207.000137,-373.493225,20.000011,-0.0,-0.0,0.707108,0.707106
2023.10.25-15.54.36,-207.000137,-373.493225,20.000011,-0.0,-0.0,0.707108,0.707106
2023.10.25-15.54.36,-207.000137,-373.493225,20.000011,-0.0,-0.0,0.707108,0.707106
2023.10.25-15.54.36,-207.000137,-373.497131,20.000011,-0.0,-0.0,0.707108,0.707106
2023.10.25-15.54.36,-207.000137,-373.45636,20.000011,-0.0,-0.0,0.707108,0.707106
2023.10.25-15.54.36,-207.000137,-373.492615,20.000011,-0.0,-0.0,0.707108,0.707106
2023.10.25-15.54.36,-207.000137,-373.492615,20.000011,-0.0,-0.0,0.707108,0.707106
2023.10.25-15.54.36,-207.000137,-373.458038,20.000011,-0.0,-0.0,0.707108,0.707106
2023.10.27-16.19.24,-207.000137,-373.5,20.000011,-0.0,-0.0,0.707108,0.707106
2023.10.27-16.19.24,-207.000137,-373.263702,20.000011,-0.0,-0.0,0.707108,0.707106
2023.10.27-16.19.24,-207.000137,-373.157715,20.000011,-0.0,-0.0,0.707108,0.707106
2023.10.27-16.19.24,-207.000137,-372.977692,20.000011,-0.0,-0.0,0.707108,0.707106
2023.10.27-16.19.24,-207.000137,-372.790222,20.000011,-0.0,-0.0,0.707108,0.707106
2023.10.27-16.19.24,-207.000137,-372.536865,20.000011,-0.0,-0.0,0.707108,0.707106
2023.10.27-16.19.24,-207.000137,-372.175995,20.000011,-0.0,-0.0,0.707108,0.707106
2023.10.27-16.19.24,-207.000137,-371.623932,20.000013,-0.0,-0.0,0.707108,0.707106
2023.10.27-16.19.24,-207.000137,-371.088348,20.000013,-0.0,-0.0,0.707108,0.707106
2023.10.27-16.19.24,-207.000153,-370.470917,20.000013,-0.0,-0.0,0.707108,0.707106
2023.10.27-16.19.24,-207.000153,-369.815735,20.000013,-0.0,-0.0,0.707108,0.707106
2023.10.27-16.19.24,-207.000153,-369.092377,20.000013,-0.0,-0.0,0.707108,0.707106
2023.10.27-16.19.24,-207.000153,-368.345154,20.000013,-0.0,-0.0,0.707108,0.707106
2023.10.27-16.19.24,-207.000153,-367.576782,20.000013,-0.0,-0.0,0.707108,0.707106
2023.10.27-16.19.24,-207.000153,-366.766541,20.000013,-0.0,-0.0,0.707108,0.707106
2023.10.27-16.19.24,-207.000168,-365.889709,20.000015,-0.0,-0.0,0.707108,0.707106
2023.10.27-16.19.24,-207.000168,-365.022369,20.000015,-0.0,-0.0,0.707108,0.707106
2023.10.27-16.19.24,-207.000168,-364.247192,20.000015,-0.0,-0.0,0.707108,0.707106
2023.10.27-16.19.24,-207.000168,-363.350464,20.000015,-0.0,-0.0,0.707108,0.707106
2023.10.27-16.19.24,-207.000168,-362.358795,20.000015,-0.0,-0.0,0.707108,0.707106
2023.10.27-16.19.24,-207.000183,-361.507294,20.000015,-0.0,-0.0,0.707108,0.707106
2023.10.27-16.19.24,-207.000183,-360.572479,20.000015,-0.0,-0.0,0.707108,0.707106
2023.10.27-16.19.24,-207.000183,-359.60849,20.000017,-0.0,-0.0,0.707108,0.707106
2023.10.27-16.19.25,-207.000183,-358.613434,20.000017,-0.0,-0.0,0.707108,0.707106
2023.10.27-16.19.25,-207.000198,-357.624054,20.000017,-0.0,-0.0,0.707108,0.707106
2023.10.27-16.19.25,-207.000198,-356.646545,20.000017,-0.0,-0.0,0.707108,0.707106
2023.10.27-16.19.25,-207.000198,-355.681396,20.000017,-0.0,-0.0,0.707108,0.707106
2023.10.27-16.19.25,-207.000198,-354.598694,20.000017,-0.0,-0.0,0.707108,0.707106
2023.10.27-16.19.25,-207.000214,-353.571198,20.000019,-0.0,-0.0,0.707108,0.707106
2023.10.27-16.19.25,-207.000214,-352.653137,20.000019,-0.0,-0.0,0.707108,0.707106
2023.10.27-16.19.25,-207.000214,-351.82312,20.000019,-0.0,-0.0,0.707108,0.707106
2023.10.27-16.19.25,-207.000214,-350.975128,20.000019,-0.0,-0.0,0.707108,0.707106
2023.10.27-16.19.25,-207.000214,-350.104218,20.000019,-0.0,-0.0,0.707108,0.707106
2023.10.27-16.19.25,-207.000229,-349.254242,20.000019,-0.0,-0.0,0.707108,0.707106
2023.10.27-16.19.25,-207.000229,-348.396912,20.000021,-0.0,-0.0,0.707108,0.707106
2023.10.27-16.19.25,-207.000229,-347.760651,20.000021,-0.0,-0.0,0.707108,0.707106
2023.10.27-16.19.25,-207.000229,-347.403046,20.000021,-0.0,-0.0,0.707108,0.707106
2023.10.27-16.19.25,-207.000229,-347.331085,20.000021,-0.0,-0.0,0.707108,0.707106
2023.10.27-16.19.25,-207.000229,-347.480957,20.000021,-0.0,-0.0,0.707108,0.707106
2023.10.27-16.19.25,-207.000229,-347.855072,20.000021,-0.0,-0.0,0.707108,0.707106
2023.10.27-16.19.25,-207.000229,-348.229736,20.000021,-0.0,-0.0,0.707108,0.707106
2023.10.27-16.19.25,-207.000229,-348.689087,20.000021,-0.0,-0.0,0.707108,0.707106
2023.10.27-16.19.25,-207.000229,-349.11441,20.000019,-0.0,-0.0,0.707108,0.707106
2023.10.27-16.19.25,-207.000229,-349.699066,20.000019,-0.0,-0.0,0.707108,0.707106
2023.10.27-16.19.25,-207.000214,-350.298248,20.000019,-0.0,-0.0,0.707108,0.707106
2023.10.27-16.19.25,-207.000214,-350.999084,20.000019,-0.0,-0.0,0.707108,0.707106
2023.10.27-16.19.25,-207.000214,-351.641327,20.000019,-0.0,-0.0,0.707108,0.707106
2023.10.27-16.19.25,-207.000214,-352.358337,20.000019,-0.0,-0.0,0.707108,0.707106
2023.10.27-16.19.25,-207.000214,-353.272186,20.000019,-0.0,-0.0,0.707108,0.707106
2023.10.27-16.19.25,-207.000198,-354.351166,20.000019,-0.0,-0.0,0.707108,0.707106
2023.10.27-16.19.25,-207.000198,-355.345215,20.000017,-0.0,-0.0,0.707108,0.707106
2023.10.27-16.19.25,-207.000198,-356.345947,20.000017,-0.0,-0.0,0.707108,0.707106
2023.10.27-16.19.25,-207.000198,-357.281525,20.000017,-0.0,-0.0,0.707108,0.707106
2023.10.27-16.19.25,-207.000183,-358.138947,20.000017,-0.0,-0.0,0.707108,0.707106
2023.10.27-16.19.25,-207.000183,-359.02832,20.000017,-0.0,-0.0,0.707108,0.707106
2023.10.27-16.19.25,-207.000183,-359.856567,20.000017,-0.0,-0.0,0.707108,0.707106
2023.10.27-16.19.25,-207.000183,-360.60199,20.000015,-0.0,-0.0,0.707108,0.707106
2023.10.27-16.19.25,-207.000183,-361.451599,20.000015,-0.0,-0.0,0.707108,0.707106
2023.10.27-16.19.25,-207.000168,-362.281952,20.000015,-0.0,-0.0,0.707108,0.707106
2023.10.27-16.19.26,-207.000168,-363.069916,20.000015,-0.0,-0.0,0.707108,0.707106
2023.10.27-16.19.26,-207.000168,-363.891205,20.000015,-0.0,-0.0,0.707108,0.707106
2023.10.27-16.19.26,-207.000168,-364.643921,20.000015,-0.0,-0.0,0.707108,0.707106
2023.10.27-16.19.26,-207.000168,-365.359802,20.000015,-0.0,-0.0,0.707108,0.707106
2023.10.27-16.19.26,-207.000168,-366.029297,20.000015,-0.0,-0.0,0.707108,0.707106
2023.10.27-16.19.26,-207.000153,-366.709381,20.000013,-0.0,-0.0,0.707108,0.707106
2023.10.27-16.19.26,-207.000153,-367.387085,20.000013,-0.0,-0.0,0.707108,0.707106
2023.10.27-16.19.26,-207.000153,-367.970856,20.000013,-0.0,-0.0,0.707108,0.707106
2023.10.27-16.19.26,-207.000153,-368.504761,20.000013,-0.0,-0.0,0.707108,0.707106
2023.10.27-16.19.26,-207.000153,-368.993988,20.000013,-0.0,-0.0,0.707108,0.707106
2023.10.27-16.19.26,-207.000153,-369.498566,20.000013,-0.0,-0.0,0.707108,0.707106
2023.10.27-16.19.26,-207.000153,-369.98175,20.000013,-0.0,-0.0,0.707108,0.707106
2023.10.27-16.19.26,-207.000153,-370.394104,20.000013,-0.0,-0.0,0.707108,0.707106
2023.10.27-16.19.26,-207.000137,-370.855743,20.000013,-0.0,-0.0,0.707108,0.707106
2023.10.27-16.19.26,-207.000137,-371.320312,20.000013,-0.0,-0.0,0.707108,0.707106
2023.10.27-16.19.26,-207.000137,-371.717957,20.000013,-0.0,-0.0,0.707108,0.707106
2023.10.27-16.19.26,-207.000137,-372.014984,20.000013,-0.0,-0.0,0.707108,0.707106
2023.10.27-16.19.26,-207.000137,-372.211761,20.000011,-0.0,-0.0,0.707108,0.707106
2023.10.27-16.19.26,-207.000137,-372.428375,20.000011,-0.0,-0.0,0.707108,0.707106
2023.10.27-16.19.26,-207.000137,-372.597473,20.000011,-0.0,-0.0,0.707108,0.707106
2023.10.27-16.19.26,-207.000137,-372.63562,20.000011,-0.0,-0.0,0.707108,0.707106
2023.10.27-16.19.26,-207.000137,-372.62323,20.000011,-0.0,-0.0,0.707108,0.707106
2023.10.27-16.19.26,-207.000137,-372.743896,20.000011,-0.0,-0.0,0.707108,0.707106
2023.10.27-16.19.26,-207.000137,-372.763367,20.000011,-0.0,-0.0,0.707108,0.707106
2023.10.27-16.19.26,-207.000137,-372.758514,20.000011,-0.0,-0.0,0.707108,0.707106
2023.10.27-16.19.26,-207.000137,-372.359924,20.000011,-0.0,-0.0,0.707108,0.707106
2023.10.27-16.19.26,-207.000137,-372.319061,20.000011,-0.0,-0.0,0.707108,0.707106
2023.10.27-16.19.26,-207.000137,-372.279083,20.000011,-0.0,-0.0,0.707108,0.707106
2023.10.27-16.19.26,-207.000137,-372.165405,20.000011,-0.0,-0.0,0.707108,0.707106
2023.10.27-16.19.26,-207.000137,-372.105499,20.000011,-0.0,-0.0,0.707108,0.707106
2023.10.27-16.19.26,-207.000137,-371.588989,20.000013,-0.0,-0.0,0.707108,0.707106
2023.10.27-16.19.26,-207.000137,-371.401825,20.000013,-0.0,-0.0,0.707108,0.707106
2023.10.27-16.19.26,-207.000137,-370.987305,20.000013,-0.0,-0.0,0.707108,0.707106
2023.10.27-16.19.26,-207.000153,-369.854156,20.000013,-0.0,-0.0,0.707108,0.707106
2023.10.27-16.19.26,-207.000153,-369.440399,20.000013,-0.0,-0.0,0.707108,0.707106
2023.10.27-16.19.26,-207.000153,-368.433105,20.000013,-0.0,-0.0,0.707108,0.707106
2023.10.27-16.19.26,-207.000153,-367.810822,20.000013,-0.0,-0.0,0.707108,0.707106
2023.10.27-16.19.26,-207.000153,-366.832245,20.000013,-0.0,-0.0,0.707108,0.707106
2023.10.27-16.19.26,-207.000168,-366.101501,20.000015,-0.0,-0.0,0.707108,0.707106
2023.10.27-16.19.26,-207.000168,-365.271118,20.000015,-0.0,-0.0,0.707108,0.707106
2023.10.27-16.19.27,-207.000168,-364.461426,20.000015,-0.0,-0.0,0.707108,0.707106
2023.10.27-16.19.27,-207.000168,-363.461273,20.000015,-0.0,-0.0,0.707108,0.707106
2023.10.27-16.19.27,-207.000168,-362.446075,20.000015,-0.0,-0.0,0.707108,0.707106
2023.10.27-16.19.27,-207.000183,-361.389404,20.000015,-0.0,-0.0,0.707108,0.707106
2023.10.27-16.19.27,-207.000183,-360.341187,20.000017,-0.0,-0.0,0.707108,0.707106
2023.10.27-16.19.27,-207.000183,-359.351929,20.000017,-0.0,-0.0,0.707108,0.707106
2023.10.27-16.19.27,-207.000183,-358.352203,20.000017,-0.0,-0.0,0.707108,0.707106
2023.10.27-16.19.27,-207.000198,-357.366516,20.000017,-0.0,-0.0,0.707108,0.707106
2023.10.27-16.19.27,-207.000198,-356.34491,20.000017,-0.0,-0.0,0.707108,0.707106
2023.10.27-16.19.27,-207.000198,-355.207764,20.000017,-0.0,-0.0,0.707108,0.707106
2023.10.27-16.19.27,-207.000198,-354.108734,20.000019,-0.0,-0.0,0.707108,0.707106
2023.10.27-16.19.27,-207.000214,-353.077789,20.000019,-0.0,-0.0,0.707108,0.707106
2023.10.27-16.19.27,-207.000214,-351.969543,20.000019,-0.0,-0.0,0.707108,0.707106
2023.10.27-16.19.27,-207.000214,-351.031311,20.000019,-0.0,-0.0,0.707108,0.707106
2023.10.27-16.19.27,-207.000214,-350.247437,20.000019,-0.0,-0.0,0.707108,0.707106
2023.10.27-16.19.27,-207.000229,-349.469788,20.000019,-0.0,-0.0,0.707108,0.707106
2023.10.27-16.19.27,-207.000229,-348.741364,20.000019,-0.0,-0.0,0.707108,0.707106
2023.10.27-16.19.27,-207.000229,-348.018127,20.000021,-0.0,-0.0,0.707108,0.707106
2023.10.27-16.19.27,-207.000229,-347.605194,20.000021,-0.0,-0.0,0.707108,0.707106
2023.10.27-16.19.27,-207.000229,-347.607117,20.000021,-0.0,-0.0,0.707108,0.707106
2023.10.27-16.19.27,-207.000229,-347.64035,20.000021,-0.0,-0.0,0.707108,0.707106
2023.10.27-16.19.27,-207.000229,-347.574799,20.000021,-0.0,-0.0,0.707108,0.707106
2023.10.27-16.19.27,-207.000229,-347.726807,20.000021,-0.0,-0.0,0.707108,0.707106
2023.10.27-16.19.27,-207.000229,-348.207336,20.000021,-0.0,-0.0,0.707108,0.707106
2023.10.27-16.19.27,-207.000229,-348.574677,20.000021,-0.0,-0.0,0.707108,0.707106
2023.10.27-16.19.27,-207.000229,-349.133514,20.000019,-0.0,-0.0,0.707108,0.707106
2023.10.27-16.19.27,-207.000229,-349.690979,20.000019,-0.0,-0.0,0.707108,0.707106
2023.10.27-16.19.27,-207.000214,-350.399139,20.000019,-0.0,-0.0,0.707108,0.707106
2023.10.27-16.19.27,-207.000214,-351.243439,20.000019,-0.0,-0.0,0.707108,0.707106
2023.10.27-16.19.27,-207.000214,-352.069092,20.000019,-0.0,-0.0,0.707108,0.707106
2023.10.27-16.19.27,-207.000214,-352.934692,20.000019,-0.0,-0.0,0.707108,0.707106
2023.10.27-16.19.27,-207.000214,-353.887482,20.000019,-0.0,-0.0,0.707108,0.707106
2023.10.27-16.19.27,-207.000198,-354.954376,20.000017,-0.0,-0.0,0.707108,0.707106
2023.10.27-16.19.27,-207.000198,-356.225006,20.000017,-0.0,-0.0,0.707108,0.707106
2023.10.27-16.19.27,-207.000198,-357.330231,20.000017,-0.0,-0.0,0.707108,0.707106
2023.10.27-16.19.27,-207.000183,-358.355896,20.000017,-0.0,-0.0,0.707108,0.707106
2023.10.27-16.19.28,-207.000183,-359.489319,20.000017,-0.0,-0.0,0.707108,0.707106
2023.10.27-16.19.28,-207.000183,-360.571167,20.000015,-0.0,-0.0,0.707108,0.707106
2023.10.27-16.19.28,-207.000183,-361.600616,20.000015,-0.0,-0.0,0.707108,0.707106
2023.10.27-16.19.28,-207.000168,-362.540283,20.000015,-0.0,-0.0,0.707108,0.707106
2023.10.27-16.19.28,-207.000168,-363.426483,20.000015,-0.0,-0.0,0.707108,0.707106
2023.10.27-16.19.28,-207.000168,-364.339874,20.000015,-0.0,-0.0,0.707108,0.707106
2023.10.27-16.19.28,-207.000168,-365.136963,20.000015,-0.0,-0.0,0.707108,0.707106
2023.10.27-16.19.28,-207.000168,-365.885986,20.000015,-0.0,-0.0,0.707108,0.707106
2023.10.27-16.19.28,-207.000153,-366.572937,20.000013,-0.0,-0.0,0.707108,0.707106
2023.10.27-16.19.28,-207.000153,-367.208191,20.000013,-0.0,-0.0,0.707108,0.707106
2023.10.27-16.19.28,-207.000153,-367.77066,20.000013,-0.0,-0.0,0.707108,0.707106
2023.10.27-16.19.28,-207.000153,-368.275604,20.000013,-0.0,-0.0,0.707108,0.707106
2023.10.27-16.19.28,-207.000153,-368.783966,20.000013,-0.0,-0.0,0.707108,0.707106
2023.10.27-16.19.28,-207.000153,-369.187256,20.000013,-0.0,-0.0,0.707108,0.707106
2023.10.27-16.19.28,-207.000153,-369.547791,20.000013,-0.0,-0.0,0.707108,0.707106
2023.10.27-16.19.28,-207.000153,-369.913086,20.000013,-0.0,-0.0,0.707108,0.707106
2023.10.27-16.19.28,-207.000153,-370.212158,20.000013,-0.0,-0.0,0.707108,0.707106
2023.10.27-16.19.28,-207.000153,-370.471191,20.000013,-0.0,-0.0,0.707108,0.707106
2023.10.27-16.19.28,-207.000137,-370.739105,20.000013,-0.0,-0.0,0.707108,0.707106
2023.10.27-16.19.28,-207.000137,-371.039764,20.000013,-0.0,-0.0,0.707108,0.707106
2023.10.27-16.19.28,-207.000137,-371.35733,20.000013,-0.0,-0.0,0.707108,0.707106
2023.10.27-16.19.28,-207.000137,-371.651917,20.000013,-0.0,-0.0,0.707108,0.707106
2023.10.27-16.19.28,-207.000137,-371.697601,20.000013,-0.0,-0.0,0.707108,0.707106
2023.10.27-16.19.28,-207.000137,-372.0914,20.000011,-0.0,-0.0,0.707108,0.707106
2023.10.27-16.19.28,-207.000137,-372.298615,20.000011,-0.0,-0.0,0.707108,0.707106
2023.10.27-16.19.28,-207.000137,-372.489075,20.000011,-0.0,-0.0,0.707108,0.707106
2023.10.27-16.19.28,-207.000137,-372.633972,20.000011,-0.0,-0.0,0.707108,0.707106
2023.10.27-16.19.28,-207.000137,-372.836273,20.000011,-0.0,-0.0,0.707108,0.707106
2023.10.27-16.19.28,-207.000137,-373.090607,20.000011,-0.0,-0.0,0.707108,0.707106
2023.10.27-16.19.28,-207.000137,-373.303772,20.000011,-0.0,-0.0,0.707108,0.707106
2023.10.27-16.19.28,-207.000137,-373.303772,20.000011,-0.0,-0.0,0.707108,0.707106
2023.10.27-16.19.28,-207.000137,-373.303772,20.000011,-0.0,-0.0,0.707108,0.707106
2023.10.27-16.19.28,-207.000137,-373.482147,20.000011,-0.0,-0.0,0.707108,0.707106
2023.10.27-16.19.28,-207.000137,-373.482147,20.000011,-0.0,-0.0,0.707108,0.707106
2023.10.27-16.19.28,-207.000137,-373.482147,20.000011,-0.0,-0.0,0.707108,0.707106
2023.10.27-16.19.28,-207.000137,-373.482147,20.000011,-0.0,-0.0,0.707108,0.707106
2023.10.27-16.19.28,-207.000137,-373.482147,20.000011,-0.0,-0.0,0.707108,0.707106
2023.10.27-16.19.28,-207.000137,-373.482147,20.000011,-0.0,-0.0,0.707108,0.707106
2023.10.27-16.19.28,-207.000137,-373.482147,20.000011,-0.0,-0.0,0.707108,0.707106
2023.10.27-16.19.28,-207.000137,-373.482147,20.000011,-0.0,-0.0,0.707108,0.707106
2023.11.02-11.55.23,-207.000137,-373.5,20.000011,-0.0,-0.0,0.707108,0.707106
2023.11.02-11.55.23,-207.000137,-373.226898,20.000011,-0.0,-0.0,0.707108,0.707106
2023.11.02-11.55.23,-207.000137,-373.097809,20.000011,-0.0,-0.0,0.707108,0.707106
2023.11.02-11.55.23,-207.000137,-372.989655,20.000011,-0.0,-0.0,0.707108,0.707106
2023.11.02-11.55.23,-207.000137,-372.798584,20.000011,-0.0,-0.0,0.707108,0.707106
2023.11.02-11.55.23,-207.000137,-372.696747,20.000011,-0.0,-0.0,0.707108,0.707106
2023.11.02-11.55.23,-207.000137,-372.398712,20.000011,-0.0,-0.0,0.707108,0.707106
2023.11.02-11.55.23,-207.000137,-372.079102,20.000011,-0.0,-0.0,0.707108,0.707106
2023.11.02-11.55.23,-207.000137,-371.721558,20.000013,-0.0,-0.0,0.707108,0.707106
2023.11.02-11.55.23,-207.000137,-371.080231,20.000013,-0.0,-0.0,0.707108,0.707106
2023.11.02-11.55.23,-207.000137,-370.61731,20.000013,-0.0,-0.0,0.707108,0.707106
2023.11.02-11.55.23,-207.000153,-370.10675,20.000013,-0.0,-0.0,0.707108,0.707106
2023.11.02-11.55.23,-207.000153,-369.5065,20.000013,-0.0,-0.0,0.707108,0.707106
2023.11.02-11.55.23,-207.000153,-368.935272,20.000013,-0.0,-0.0,0.707108,0.707106
2023.11.02-11.55.23,-207.000153,-368.08374,20.000013,-0.0,-0.0,0.707108,0.707106
2023.11.02-11.55.24,-207.000153,-367.184082,20.000013,-0.0,-0.0,0.707108,0.707106
2023.11.02-11.55.24,-207.000168,-365.376434,20.000015,-0.0,-0.0,0.707108,0.707106
2023.11.02-11.55.24,-207.000168,-364.674194,20.000015,-0.0,-0.0,0.707108,0.707106
2023.11.02-11.55.24,-207.000168,-363.556091,20.000015,-0.0,-0.0,0.707108,0.707106
2023.11.02-11.55.24,-207.000168,-362.569397,20.000015,-0.0,-0.0,0.707108,0.707106
2023.11.02-11.55.24,-207.000183,-361.594116,20.000015,-0.0,-0.0,0.707108,0.707106
2023.11.02-11.55.24,-207.000183,-360.523987,20.000015,-0.0,-0.0,0.707108,0.707106
2023.11.02-11.55.24,-207.000183,-359.479004,20.000017,-0.0,-0.0,0.707108,0.707106
2023.11.02-11.55.24,-207.000183,-358.380096,20.000017,-0.0,-0.0,0.707108,0.707106
2023.11.02-11.55.24,-207.000198,-357.253815,20.000017,-0.0,-0.0,0.707108,0.707106
2023.11.02-11.55.24,-207.000198,-356.167755,20.000017,-0.0,-0.0,0.707108,0.707106
2023.11.02-11.55.24,-207.000198,-355.117767,20.000017,-0.0,-0.0,0.707108,0.707106
2023.11.02-11.55.24,-207.000198,-354.077026,20.000019,-0.0,-0.0,0.707108,0.707106
2023.11.02-11.55.24,-207.000214,-353.07074,20.000019,-0.0,-0.0,0.707108,0.707106
2023.11.02-11.55.24,-207.000214,-352.12381,20.000019,-0.0,-0.0,0.707108,0.707106
2023.11.02-11.55.24,-207.000214,-351.293884,20.000019,-0.0,-0.0,0.707108,0.707106
2023.11.02-11.55.24,-207.000214,-350.520111,20.000019,-0.0,-0.0,0.707108,0.707106
2023.11.02-11.55.24,-207.000214,-349.783691,20.000019,-0.0,-0.0,0.707108,0.707106
2023.11.02-11.55.24,-207.000229,-349.132263,20.000019,-0.0,-0.0,0.707108,0.707106
2023.11.02-11.55.24,-207.000229,-348.487946,20.000021,-0.0,-0.0,0.707108,0.707106
2023.11.02-11.55.24,-207.000229,-347.967987,20.000021,-0.0,-0.0,0.707108,0.707106
2023.11.02-11.55.24,-207.000229,-347.557312,20.000021,-0.0,-0.0,0.707108,0.707106
2023.11.02-11.55.24,-207.000229,-347.100067,20.000021,-0.0,-0.0,0.707108,0.707106
2023.11.02-11.55.24,-207.000229,-346.747375,20.000021,-0.0,-0.0,0.707108,0.707106
2023.11.02-11.55.24,-207.000229,-346.467133,20.000021,-0.0,-0.0,0.707108,0.707106
2023.11.02-11.55.24,-207.000229,-346.131348,20.000021,-0.0,-0.0,0.707108,0.707106
2023.11.02-11.55.24,-207.000229,-345.802429,20.000021,-0.0,-0.0,0.707108,0.707106
2023.11.02-11.55.24,-207.000244,-345.513824,20.000021,-0.0,-0.0,0.707108,0.707106
2023.11.02-11.55.24,-207.000244,-345.154266,20.000021,-0.0,-0.0,0.707108,0.707106
2023.11.02-11.55.24,-207.000244,-344.626068,20.000021,-0.0,-0.0,0.707108,0.707106
2023.11.02-11.55.24,-207.000244,-344.185791,20.000021,-0.0,-0.0,0.707108,0.707106
2023.11.02-11.55.24,-207.000244,-344.004791,20.000021,-0.0,-0.0,0.707108,0.707106
2023.11.02-11.55.24,-207.000244,-344.26593,20.000021,-0.0,-0.0,0.707108,0.707106
2023.11.02-11.55.24,-207.000244,-344.758789,20.000021,-0.0,-0.0,0.707108,0.707106
2023.11.02-11.55.24,-207.000244,-345.490387,20.000021,-0.0,-0.0,0.707108,0.707106
2023.11.02-11.55.25,-207.000229,-346.345032,20.000021,-0.0,-0.0,0.707108,0.707106
2023.11.02-11.55.25,-207.000229,-347.13324,20.000021,-0.0,-0.0,0.707108,0.707106
2023.11.02-11.55.25,-207.000229,-347.960541,20.000021,-0.0,-0.0,0.707108,0.707106
2023.11.02-11.55.25,-207.000229,-349.264496,20.000019,-0.0,-0.0,0.707108,0.707106
2023.11.02-11.55.25,-207.000214,-350.406769,20.000019,-0.0,-0.0,0.707108,0.707106
2023.11.02-11.55.25,-207.000214,-351.48468,20.000019,-0.0,-0.0,0.707108,0.707106
2023.11.02-11.55.25,-207.000214,-352.568298,20.000019,-0.0,-0.0,0.707108,0.707106
2023.11.02-11.55.25,-207.000214,-353.689514,20.000019,-0.0,-0.0,0.707108,0.707106
2023.11.02-11.55.25,-207.000198,-354.856567,20.000017,-0.0,-0.0,0.707108,0.707106
2023.11.02-11.55.25,-207.000198,-355.892548,20.000017,-0.0,-0.0,0.707108,0.707106
2023.11.02-11.55.25,-207.000198,-356.8349,20.000017,-0.0,-0.0,0.707108,0.707106
2023.11.02-11.55.25,-207.000198,-357.749329,20.000017,-0.0,-0.0,0.707108,0.707106
2023.11.02-11.55.25,-207.000183,-358.626007,20.000017,-0.0,-0.0,0.707108,0.707106
2023.11.02-11.55.25,-207.000183,-359.584137,20.000017,-0.0,-0.0,0.707108,0.707106
2023.11.02-11.55.25,-207.000183,-360.631531,20.000015,-0.0,-0.0,0.707108,0.707106
2023.11.02-11.55.25,-207.000183,-361.418915,20.000015,-0.0,-0.0,0.707108,0.707106
2023.11.02-11.55.25,-207.000168,-362.72937,20.000015,-0.0,-0.0,0.707108,0.707106
2023.11.02-11.55.25,-207.000168,-363.714752,20.000015,-0.0,-0.0,0.707108,0.707106
2023.11.02-11.55.25,-207.000168,-364.528473,20.000015,-0.0,-0.0,0.707108,0.707106
2023.11.02-11.55.25,-207.000168,-365.426422,20.000015,-0.0,-0.0,0.707108,0.707106
2023.11.02-11.55.25,-207.000168,-366.313202,20.000013,-0.0,-0.0,0.707108,0.707106
2023.11.02-11.55.25,-207.000153,-367.148773,20.000013,-0.0,-0.0,0.707108,0.707106
2023.11.02-11.55.25,-207.000153,-368.002716,20.000013,-0.0,-0.0,0.707108,0.707106
2023.11.02-11.55.25,-207.000153,-368.757751,20.000013,-0.0,-0.0,0.707108,0.707106
2023.11.02-11.55.25,-207.000153,-369.371613,20.000013,-0.0,-0.0,0.707108,0.707106
2023.11.02-11.55.25,-207.000153,-369.975525,20.000013,-0.0,-0.0,0.707108,0.707106
2023.11.02-11.55.25,-207.000153,-370.504028,20.000013,-0.0,-0.0,0.707108,0.707106
2023.11.02-11.55.25,-207.000137,-370.995605,20.000013,-0.0,-0.0,0.707108,0.707106
2023.11.02-11.55.25,-207.000137,-371.500092,20.000013,-0.0,-0.0,0.707108,0.707106
2023.11.02-11.55.25,-207.000137,-371.985229,20.000013,-0.0,-0.0,0.707108,0.707106
2023.11.02-11.55.25,-207.000137,-372.325745,20.000011,-0.0,-0.0,0.707108,0.707106
2023.11.02-11.55.25,-207.000137,-372.629852,20.000011,-0.0,-0.0,0.707108,0.707106
2023.11.02-11.55.25,-207.000137,-372.994873,20.000011,-0.0,-0.0,0.707108,0.707106
2023.11.02-11.55.25,-207.000137,-373.371277,20.000011,-0.0,-0.0,0.707108,0.707106
2023.11.02-11.55.25,-207.000137,-373.371277,20.000011,-0.0,-0.0,0.707108,0.707106
2023.11.02-11.55.25,-207.000137,-373.371277,20.000011,-0.0,-0.0,0.707108,0.707106
2023.11.02-11.55.26,-207.000137,-373.371277,20.000011,-0.0,-0.0,0.707108,0.707106
2023.11.02-11.55.26,-207.000137,-373.371277,20.000011,-0.0,-0.0,0.707108,0.707106
2023.11.02-11.55.26,-207.000137,-373.371277,20.000011,-0.0,-0.0,0.707108,0.707106
2023.11.02-11.55.26,-207.000137,-373.371277,20.000011,-0.0,-0.0,0.707108,0.707106
